FLDNAME,Compound Name,SMILES,PubChemID
UCD.Lipid.1,Acylcarnitine C8:0,CCCCCCCC(=O)O[C@H](CC(=O)[O-])C[N+](C)(C)C,11953814
UCD.Lipid.2,Acylcarnitine C8:1,CCCCC/C=C/C(=O)O[C@@H](CCC(=O)[O-])[N+](C)(C)C,53481667
UCD.Lipid.3,Acylcarnitine C10:1,C[N+](C)(C)CC(CC(=O)[O-])OC(=O)CCCCCCCC=C,53481651
UCD.Lipid.4,Acylcarnitine C12:0,CCCCCCCCCCCC(=O)O[C@H](CC(=O)[O-])C[N+](C)(C)C,168381
UCD.Lipid.5,Acylcarnitine C16:0,CCCCCCCCCCCCCCCC(=O)O[C@H](CC(=O)[O-])C[N+](C)(C)C,11953816
UCD.Lipid.6,Acylcarnitine C18:0,CCCCCCCCCCCCCCCCCC(=O)OC(CC(=O)[O-])C[N+](C)(C)C,6426855
UCD.Lipid.7,Acylcarnitine C18:1,CCCCCC/C=C/CCCCCCCCCC(=O)O[C@@H](CCC(=O)[O-])[N+](C)(C)C,53477830
UCD.Lipid.8,Acylcarnitine C18:2,CCCCC/C=C\C/C=C\CCCCCCCC(=O)O[C@H](CC(=O)[O-])C[N+](C)(C)C,6450015
UCD.Lipid.9,Acylcarnitine C18:3,CC/C=C\C/C=C\C/C=C\CCCCCCCC(=O)O[C@@H](CCC(=O)[O-])[N+](C)(C)C,53477821
UCD.Lipid.10,CE (16:1),CCCCCC/C=C\CCCCCCCC(=O)OC1CC[C@@]2(C3CC[C@@]4([C@H](CCC4C3CC=C2C1)[C@H](C)CCCC(C)C)C)C,22833543
UCD.Lipid.11,CE (18:1),CCCCCCCC/C=C\CCCCCCCC(=O)O[C@H]1CC[C@@]2([C@H]3CC[C@]4([C@H]([C@@H]3CC=C2C1)CC[C@@H]4[C@H](C)CCCC(C)C)C)C,5283632
UCD.Lipid.12,CE (18:2),CCCCC/C=C\C/C=C\CCCCCCCC(=O)O[C@H]1CC[C@@]2([C@H]3CC[C@]4([C@H]([C@@H]3CC=C2C1)CC[C@@H]4[C@H](C)CCCC(C)C)C)C,5287939
UCD.Lipid.13,CE (18:3),CC/C=C\C/C=C\C/C=C\CCCCCCCC(=O)O[C@H]1CC[C@@]2([C@H]3CC[C@]4([C@H]([C@@H]3CC=C2C1)CC[C@@H]4[C@H](C)CCCC(C)C)C)C,6436907
UCD.Lipid.14,CE (20:3),CCCCC/C=C\C/C=C\C/C=C\CCCCCCC(=O)O[C@H]1CC[C@@]2(C3CC[C@]4(C(C3CC=C2C1)CCC4[C@H](C)CCCC(C)C)C)C,53477892
UCD.Lipid.15,CE (20:4),CCCCC/C=C\C/C=C\C/C=C\C/C=C\CCCC(=O)O[C@H]1CC[C@@]2([C@H]3CC[C@]4([C@H]([C@@H]3CC=C2C1)CC[C@@H]4[C@H](C)CCCC(C)C)C)C,6479222
UCD.Lipid.16,CE (20:5),CC/C=C\C/C=C\C/C=C\C/C=C\C/C=C\CCCC(=O)O[C@H]1CC[C@@]2(C3CC[C@]4(C(C3CC=C2C1)CCC4[C@H](C)CCCC(C)C)C)C,53477889
UCD.Lipid.17,CE (22:6),CC/C=C\C/C=C\C/C=C\C/C=C\C/C=C\C/C=C\CCC(=O)O[C@H]1CC[C@@]2([C@H]3CC[C@]4([C@H]([C@@H]3CC=C2C1)CC[C@@H]4[C@H](C)CCCC(C)C)C)C,14274978
UCD.Lipid.18,Ceramide (d18:1/23:0),CCCCCCCCCCCCCCCCCCCCCCC(=O)N[C@@H](CO)[C@@H](/C=C/CCCCCCCCCCCCC)O,52931115
UCD.Lipid.19,Ceramide (d42:2),CCCCCCCCCCCCC/C=C/[C@H]([C@H](CO)NC(=O)CCCCCCCCCCCCC/C=C\CCCCCCCC)O,5283568
UCD.Lipid.20,Cholesterol,C[C@H](CCCC(C)C)[C@H]1CC[C@@H]2[C@@]1(CC[C@H]3[C@H]2CC=C4[C@@]3(CC[C@@H](C4)O)C)C,5997
UCD.Lipid.21,CSH_posESI #002,#N/A,#N/A
UCD.Lipid.22,CSH_posESI #003,#N/A,#N/A
UCD.Lipid.23,CSH_posESI #004,#N/A,#N/A
UCD.Lipid.24,CSH_posESI #006,#N/A,#N/A
UCD.Lipid.25,CSH_posESI #015,#N/A,#N/A
UCD.Lipid.26,CSH_posESI #017,#N/A,#N/A
UCD.Lipid.27,CSH_posESI #022,#N/A,#N/A
UCD.Lipid.28,CSH_posESI #025,#N/A,#N/A
UCD.Lipid.29,CSH_posESI #027,#N/A,#N/A
UCD.Lipid.30,CSH_posESI #033,#N/A,#N/A
UCD.Lipid.31,CSH_posESI #034,#N/A,#N/A
UCD.Lipid.32,CSH_posESI #036,#N/A,#N/A
UCD.Lipid.33,CSH_posESI #037,#N/A,#N/A
UCD.Lipid.34,CSH_posESI #040,#N/A,#N/A
UCD.Lipid.35,CSH_posESI #041,#N/A,#N/A
UCD.Lipid.36,CSH_posESI #042,#N/A,#N/A
UCD.Lipid.37,CSH_posESI #043,#N/A,#N/A
UCD.Lipid.38,CSH_posESI #056,#N/A,#N/A
UCD.Lipid.39,CSH_posESI #057,#N/A,#N/A
UCD.Lipid.40,CSH_posESI #058,#N/A,#N/A
UCD.Lipid.41,CSH_posESI #061,#N/A,#N/A
UCD.Lipid.42,CSH_posESI #079,#N/A,#N/A
UCD.Lipid.43,CSH_posESI #081,#N/A,#N/A
UCD.Lipid.44,CSH_posESI #091,#N/A,#N/A
UCD.Lipid.45,CSH_posESI #098,#N/A,#N/A
UCD.Lipid.46,CSH_posESI #103,#N/A,#N/A
UCD.Lipid.47,CSH_posESI #104,#N/A,#N/A
UCD.Lipid.48,CSH_posESI #106,#N/A,#N/A
UCD.Lipid.49,CSH_posESI #109,#N/A,#N/A
UCD.Lipid.50,CSH_posESI #116,#N/A,#N/A
UCD.Lipid.51,CSH_posESI #117,#N/A,#N/A
UCD.Lipid.52,CSH_posESI #121,#N/A,#N/A
UCD.Lipid.53,CSH_posESI #122,#N/A,#N/A
UCD.Lipid.54,CSH_posESI #124,#N/A,#N/A
UCD.Lipid.55,CSH_posESI #125,#N/A,#N/A
UCD.Lipid.56,CSH_posESI #127,#N/A,#N/A
UCD.Lipid.57,CSH_posESI #130,#N/A,#N/A
UCD.Lipid.58,CSH_posESI #134,#N/A,#N/A
UCD.Lipid.59,CSH_posESI #137,#N/A,#N/A
UCD.Lipid.60,CSH_posESI #141,#N/A,#N/A
UCD.Lipid.61,CSH_posESI #142,#N/A,#N/A
UCD.Lipid.62,CSH_posESI #155,#N/A,#N/A
UCD.Lipid.63,CSH_posESI #156,#N/A,#N/A
UCD.Lipid.64,CSH_posESI #159,#N/A,#N/A
UCD.Lipid.65,CSH_posESI #164,#N/A,#N/A
UCD.Lipid.66,CSH_posESI #165,#N/A,#N/A
UCD.Lipid.67,CSH_posESI #168,#N/A,#N/A
UCD.Lipid.68,CSH_posESI #170,#N/A,#N/A
UCD.Lipid.69,CSH_posESI #176,#N/A,#N/A
UCD.Lipid.70,CSH_posESI #187,#N/A,#N/A
UCD.Lipid.71,CSH_posESI #192,#N/A,#N/A
UCD.Lipid.72,CSH_posESI #196,#N/A,#N/A
UCD.Lipid.73,CSH_posESI #197,#N/A,#N/A
UCD.Lipid.74,CSH_posESI #201,#N/A,#N/A
UCD.Lipid.75,CSH_posESI #203,#N/A,#N/A
UCD.Lipid.76,CSH_posESI #205,#N/A,#N/A
UCD.Lipid.77,CSH_posESI #211,#N/A,#N/A
UCD.Lipid.78,CSH_posESI #214,#N/A,#N/A
UCD.Lipid.79,CSH_posESI #215,#N/A,#N/A
UCD.Lipid.80,CSH_posESI #230,#N/A,#N/A
UCD.Lipid.81,CSH_posESI #231,#N/A,#N/A
UCD.Lipid.82,CSH_posESI #232,#N/A,#N/A
UCD.Lipid.83,CSH_posESI #270,#N/A,#N/A
UCD.Lipid.84,CSH_posESI #275,#N/A,#N/A
UCD.Lipid.85,CSH_posESI #282,#N/A,#N/A
UCD.Lipid.86,CSH_posESI #285,#N/A,#N/A
UCD.Lipid.87,CSH_posESI #286,#N/A,#N/A
UCD.Lipid.88,CSH_posESI #288,#N/A,#N/A
UCD.Lipid.89,CSH_posESI #290,#N/A,#N/A
UCD.Lipid.90,CSH_posESI #293,#N/A,#N/A
UCD.Lipid.91,CSH_posESI #296,#N/A,#N/A
UCD.Lipid.92,CSH_posESI #298,#N/A,#N/A
UCD.Lipid.93,CSH_posESI #301,#N/A,#N/A
UCD.Lipid.94,CSH_posESI #303,#N/A,#N/A
UCD.Lipid.95,CSH_posESI #304,#N/A,#N/A
UCD.Lipid.96,CSH_posESI #307,#N/A,#N/A
UCD.Lipid.97,CSH_posESI #308,#N/A,#N/A
UCD.Lipid.98,CSH_posESI #310,#N/A,#N/A
UCD.Lipid.99,CSH_posESI #336,#N/A,#N/A
UCD.Lipid.100,CSH_posESI #359,#N/A,#N/A
UCD.Lipid.101,CSH_posESI #362,#N/A,#N/A
UCD.Lipid.102,CSH_posESI #363,#N/A,#N/A
UCD.Lipid.103,CSH_posESI #364,#N/A,#N/A
UCD.Lipid.104,DG (32:1),CCCCCCCCCCCCCC(=O)OC[C@H](CO)OC(=O)CCCCCCC/C=C\CCCCCCCC,14275341
UCD.Lipid.105,DG (34:1),CCCCCCCCCCCCCCCC(=O)OC[C@H](CO)OC(=O)CCCCCCC/C=C\CCCCCCCC,5282283
UCD.Lipid.106,DG (34:2),CCCCCCCCCCCCCCCC(=O)OC[C@@H](CO)OC(=O)CCCCCCC/C=C\C/C=C\CCCCC,102427902
UCD.Lipid.107,DG (34:3),CCCCCC/C=C\CCCCCCCC(=O)OC[C@H](CO)OC(=O)CCCCCCC/C=C\C/C=C\CCCCC,9543699
UCD.Lipid.108,DG (36:1),CCCCCCCCCCCCCCCCCC(=O)OC[C@H](CO)OC(=O)CCCCCCC/C=C\CCCCCCCC,6443547
UCD.Lipid.109,DG (36:2),CCCCCCCC/C=C\CCCCCCCC(=O)OC[C@H](CO)OC(=O)CCCCCCC/C=C\CCCCCCCC,9543716
UCD.Lipid.110,DG (36:3),CCCCCCCC/C=C\CCCCCCCC(=O)OC[C@H](CO)OC(=O)CCCCCCC/C=C\C/C=C\CCCCC,9543722
UCD.Lipid.111,DG (36:4),CCCCC/C=C\C/C=C\CCCCCCCC(=O)OC[C@H](CO)OC(=O)CCCCCCC/C=C\C/C=C\CCCCC,9543729
UCD.Lipid.112,DG (36:5),CCCCC/C=C\C/C=C\CCCCCCCC(=O)OC[C@H](CO)OC(=O)CCCCCCC/C=C\C/C=C\C/C=C\CC,9543737
UCD.Lipid.113,DG (38:0),CCCCCCCCCCCCCCCCCCCCCC(=O)OC[C@H](CO)OC(=O)CCCCCCCCCCCCCCC,53478362
UCD.Lipid.114,DG (38:3),CCCCCCCC/C=C\CCCCCCCC(=O)OC[C@H](CO)OC(=O)CCCCCCCCC/C=C\C/C=C\CCCCC,9543766
UCD.Lipid.115,DG (38:5),CCCCC/C=C\C/C=C\CCCCCCCCCC(=O)O[C@@H](CO)COC(=O)CCCCCCC/C=C\C/C=C\C/C=C\CC,9543784
UCD.Lipid.116,DG (38:6),CCCCC/C=C\C/C=C\C/C=C\CCCCCCC(=O)O[C@@H](CO)COC(=O)CCCCCCC/C=C\C/C=C\C/C=C\CC,9543795
UCD.Lipid.117,Gal-Gal-Cer(d18:1/16:0) or Lactosylceramide(d18:1/16:0),CCCCCCCCCCCCCCCC(=O)N[C@@H](CO[C@H]1[C@@H]([C@H]([C@@H]([C@H](O1)CO)O[C@H]2[C@@H]([C@H]([C@H]([C@H](O2)CO)O)O)O)O)O)[C@@H](/C=C/CCCCCCCCCCCCC)O,53477895
UCD.Lipid.118,Lactosylceramide (d18:1/24:1(15Z)),CCCCCCCCCCCCC/C=C/[C@H]([C@H](CO[C@H]1C([C@H]([C@@H]([C@H](O1)CO)O[C@H]2[C@@H]([C@H]([C@H]([C@H](O2)CO)O)O)O)O)O)NC(=O)CCCCCCCCCCCCC/C=C\CCCCCCCC)O,20057309
UCD.Lipid.119,LPC (14:0),CCCCCCCCCCCCCC(=O)OC[C@H](COP(=O)([O-])OCC[N+](C)(C)C)O,460604
UCD.Lipid.120,LPC (15:0),CCCCCCCCCCCCCCC(=O)OC[C@H](COP(=O)([O-])OCC[N+](C)(C)C)O,24779458
UCD.Lipid.121,LPC (17:1),CCCCCCC/C=C\CCCCCCCC(=O)OC[C@H](COP(=O)([O-])OCC[N+](C)(C)C)O,24779451
UCD.Lipid.122,LPC (18:0),CCCCCCCCCCCCCCCCCC(=O)OC[C@H](COP(=O)([O-])OCC[N+](C)(C)C)O,497299
UCD.Lipid.123,LPC (18:3),CC/C=C\C/C=C\C/C=C\CCCCCCCC(=O)OC[C@H](COP(=O)([O-])OCC[N+](C)(C)C)O,24779469
UCD.Lipid.124,LPC (20:0),CCCCCCCCCCCCCCCCCCCC(=O)OC[C@H](COP(=O)([O-])OCC[N+](C)(C)C)O,24779473
UCD.Lipid.125,LPC (20:4),CC/C=C\C/C=C\C/C=C\C/C=C\CCCCCCC(=O)OC[C@H](COP(=O)([O-])OCC[N+](C)(C)C)O,53480469
UCD.Lipid.126,LPC (20:5),CC/C=C\C/C=C\C/C=C\C/C=C\C/C=C\CCCC(=O)OC[C@H](COP(=O)([O-])OCC[N+](C)(C)C)O,11757087
UCD.Lipid.127,LPC (22:4),CCCCC/C=C\C/C=C\C/C=C\C/C=C\CCCCCC(=O)OC[C@H](COP(=O)([O-])OCC[N+](C)(C)C)O,52924039
UCD.Lipid.128,LPC (22:6),CC/C=C\C/C=C\C/C=C\C/C=C\C/C=C\C/C=C\CCC(=O)OC[C@H](COP(=O)([O-])OCC[N+](C)(C)C)O,10415542
UCD.Lipid.129,LPC (o-16:0),CCCCCCCCCCCCCCCCOC[C@@H](COP(=O)([O-])OCC[N+](C)(C)C)O,10480367
UCD.Lipid.130,LPC (p-16:0) or LPC (o-16:1),CCCCCCCCCCCCCC/C=C\OC[C@H](COP(=O)([O-])OCC[N+](C)(C)C)O,10917802
UCD.Lipid.131,LPC (p-18:0) or LPC (o-18:1),CCCCCCCCCCCCCCCC/C=C\OC[C@H](COP(=O)([O-])OCC[N+](C)(C)C)O,24779527
UCD.Lipid.132,PC (16:0/9:0(CHO)),CCCCCCCCCCCCCCCC(=O)OC[C@H](COP(=O)([O-])OCC[N+](C)(C)C)OC(=O)CCCCCCCC=O,46907874
UCD.Lipid.133,PC (28:0),CCCCCCCCCCCCCC(=O)OC[C@H](COP(=O)([O-])OCC[N+](C)(C)C)OC(=O)CCCCCCCCCCCCC,5459377
UCD.Lipid.134,PC (30:0),CCCCCCCCCCCCCCCC(=O)O[C@H](COC(=O)CCCCCCCCCCCCC)COP(=O)([O-])OCC[N+](C)(C)C,129657
UCD.Lipid.135,PC (30:1),CCCCCCCCCCCCCCCC(=O)O[C@H](COC(=O)CCCCCCC/C=C\CCCC)COP(=O)([O-])OCC[N+](C)(C)C,52922250
UCD.Lipid.136,PC (31:0),CCCCCCCCCCCCCCCC(=O)OC[C@H](COP(=O)([O-])OCC[N+](C)(C)C)OC(=O)CCCCCCCCCCCCCC,24778680
UCD.Lipid.137,PC (31:1),CCCCCCCCCCCCCCC(=O)OC[C@H](COP(=O)([O-])OCC[N+](C)(C)C)OC(=O)CCCCCCC/C=C\CCCCCC,24778657
UCD.Lipid.138,PC (32:3),CCCCCCCCCCCCCC(=O)O[C@H](COC(=O)CCCC/C=C\C/C=C\C/C=C\CCCCC)COP(=O)([O-])OCC[N+](C)(C)C,52922763
UCD.Lipid.139,PC (33:0),CCCCCCCCCCCCCCCCCC(=O)OC[C@H](COP(=O)([O-])OCC[N+](C)(C)C)OC(=O)CCCCCCCCCCCCCC,52922645
UCD.Lipid.140,PC (35:3),CCCCCCCCCCCCCCCCCC(=O)O[C@H](COC(=O)CCCCCC/C=C\C/C=C\C/C=C\CCCCC)COP(=O)(O)OCCN,52924614
UCD.Lipid.141,PC (36:3) B,CCCCCCCCCCCCCCCCCC(=O)OC[C@H](COP(=O)([O-])OCC[N+](C)(C)C)OC(=O)CCCCCCC/C=C\C/C=C\C/C=C\CC,52922657
UCD.Lipid.142,PC (36:4) A,CCCCCCCCCCCCCCCC(=O)OC[C@H](COP(=O)([O-])OCC[N+](C)(C)C)OC(=O)CCC/C=C\C/C=C\C/C=C\C/C=C\CCCCC,10747814
UCD.Lipid.143,PC (36:6),CCCCC/C=C\C/C=C\C/C=C\CCCCC(=O)O[C@H](COC(=O)CCCCCCC/C=C\C/C=C\C/C=C\CC)COP(=O)([O-])OCC[N+](C)(C)C,52922847
UCD.Lipid.144,PC (37:3),CCCCCCCCCCCCCCCCCCC(=O)O[C@H](COC(=O)CCCCCCC/C=C\C/C=C\C/C=C\CC)COP(=O)([O-])OCC[N+](C)(C)C,52922851
UCD.Lipid.145,PC (37:6),CCCCCCCCCCCCCCC(=O)OC[C@H](COP(=O)([O-])OCC[N+](C)(C)C)OC(=O)CC/C=C\C/C=C\C/C=C\C/C=C\C/C=C\C/C=C\CC,52922342
UCD.Lipid.146,PC (38:4) B,CCCCCCCCCCCCCCCCCC(=O)O[C@H](COC(=O)CCC/C=C\C/C=C\C/C=C\C/C=C\CCCCC)COP(=O)([O-])OCC[N+](C)(C)C,52923291
UCD.Lipid.147,PC (38:5) B,CCCCCC/C=C\CCCCCCCCCC(=O)O[C@H](COC(=O)CCC/C=C\C/C=C\C/C=C\C/C=C\CCCCC)COP(=O)([O-])OCC[N+](C)(C)C,53479033
UCD.Lipid.148,PC (38:6) A,CCCCC/C=C\C/C=C\CCCCCCCC(=O)O[C@H](COC(=O)CCC/C=C\C/C=C\C/C=C\C/C=C\CCCCC)COP(=O)([O-])OCC[N+](C)(C)C,52923295
UCD.Lipid.149,PC (38:7),CCCCC/C=C\C/C=C\C/C=C\CCCCC(=O)O[C@H](COC(=O)CCCCCC/C=C\C/C=C\C/C=C\C/C=C\CC)COP(=O)([O-])OCC[N+](C)(C)C,53479075
UCD.Lipid.150,PC (39:6),CCCCC/C=C\C/C=C\C/C=C\C/C=C\CCCCCC(=O)O[C@H](COC(=O)CCCCCCC/C=C\C/C=C\CCCC)COP(=O)([O-])OCC[N+](C)(C)C,52922637
UCD.Lipid.151,PC (40:5) B,CCCCCCCC/C=C\CCCCCCCCCC(=O)OC[C@H](COP(=O)([O-])OCC[N+](C)(C)C)OC(=O)CCC/C=C\C/C=C\C/C=C\C/C=C\CCCCC,52923133
UCD.Lipid.152,PC (40:6) A,CCCCC/C=C\C/C=C\CCCCCCCCCCCC(=O)OC[C@H](COP(=O)([O-])OCC[N+](C)(C)C)OC(=O)CCCC/C=C\C/C=C\C/C=C\C/C=C\CC,52923579
UCD.Lipid.153,PC (42:5),CCCCC/C=C\C/C=C\CCCCCCCCCCCC(=O)OC[C@H](COP(=O)([O-])OCC[N+](C)(C)C)OC(=O)CCCCCC/C=C\C/C=C\C/C=C\CCCCC,52923591
UCD.Lipid.154,PC (42:6),CCCCC/C=C\C/C=C\CCCCCCCCCC(=O)O[C@H](COC(=O)CCCCC/C=C\C/C=C\C/C=C\C/C=C\CCCCC)COP(=O)([O-])OCC[N+](C)(C)C,52923651
UCD.Lipid.155,PC (o-34:0),CCCCCCCCCCCCCCCCCC(=O)OC[C@H](COP(=O)([O-])OCC[N+](C)(C)C)OCCCCCCCCCCCCCCCC,24779361
UCD.Lipid.156,PC (p-32:1) or PC (o-32:2),CCCCCCCCCCCCCC/C=C\OC[C@H](COP(=O)([O-])OCC[N+](C)(C)C)OC(=O)CCCCCCC/C=C\CCCCCC,52923882
UCD.Lipid.157,PC (p-34:1) or PC (o-34:2) B,CCCCCCCCCCCCCCCC(=O)OC(CO/C=C\CCCCCCCC/C=C\CCCCCC)COP(=O)([O-])OCC[N+](C)(C)C,53480735
UCD.Lipid.158,PC (p-38:2) or PC (o-38:3),CCCCCCCC/C=C\CCCCCCCCCC(=O)O[C@H](CO/C=C\CCCCCC/C=C\CCCCCCCC)COP(=O)([O-])OCC[N+](C)(C)C,53480813
UCD.Lipid.159,PC (p-38:4) or PC (o-38:5) B,CCCCCCCC/C=C\C/C=C\C/C=C\CCCC(=O)OC(CO/C=C\CCCCCCCC/C=C\CCCCCC)COP(=O)([O-])OCC[N+](C)(C)C,53480759
UCD.Lipid.160,PC (p-40:1) or PC (o-40:2),CCCCCCCCCCCCCCCC/C=C\OC[C@H](COP(=O)([O-])OCC[N+](C)(C)C)OC(=O)CCCCCCCCC/C=C\CCCCCCCCCC,52923970
UCD.Lipid.161,PC (p-40:5) or PC (o-40:6),CCCCCC/C=C\CCCCCCCC/C=C\OCC(COP(=O)([O-])OCC[N+](C)(C)C)OC(=O)CCCCC/C=C\C/C=C\C/C=C\C/C=C\CCCCC,53480775
UCD.Lipid.162,PC (p-40:6) or PC (o-40:7) A,CCCCCCCC/C=C\CCCCCC/C=C\OC(COC(=O)CCCCC/C=C\C/C=C\C/C=C\C/C=C\C/C=C\CC)COP(=O)([O-])OCC[N+](C)(C)C,53479405
UCD.Lipid.163,PC (p-40:6) or PC (o-40:7) B,CCCCCCCCCCCCCCCC/C=C\OC(COC(=O)CC/C=C\C/C=C\C/C=C\C/C=C\C/C=C\C/C=C\CC)COP(=O)([O-])OCC[N+](C)(C)C,53479425
UCD.Lipid.164,PC (p-40:7) or PC (o-40:8),CCCCCCCC/C=C\CCCCCC/C=C\OC[C@H](COP(=O)([O-])OCC[N+](C)(C)C)OC(=O)CC/C=C\C/C=C\C/C=C\C/C=C\C/C=C\C/C=C\CC,53480839
UCD.Lipid.165,PC (p-42:3) or PC (o-42:4),CCCCCCCCCCCCCCCCCCCCOC[C@H](COP(=O)([O-])OCC[N+](C)(C)C)OC(=O)CCCCC/C=C\C/C=C\C/C=C\C/C=C\CCCCC,52923862
UCD.Lipid.166,PE (36:4),CCCCCCCCCCCCCCCC(=O)O[C@H](COC(=O)CCC/C=C\C/C=C\C/C=C\C/C=C\CCCCC)COP(=O)(O)OCCN,52924875
UCD.Lipid.167,PE (38:4),CCCCCCCCCCCCCCCCCC(=O)OC[C@H](COP(=O)(O)OCCN)OC(=O)CCC/C=C\C/C=C\C/C=C\C/C=C\CCCCC,5289133
UCD.Lipid.168,PE (p-34:1) or PE (o-34:2),CCCCCCCCCCCCCC/C=C\O[C@H](COC(=O)CCCCCCC/C=C\CCCCCCCC)COP(=O)(O)OCCN,53479657
UCD.Lipid.169,SM (d30:1),CCCCCCCCCCCCC/C=C/[C@H]([C@H](COP(=O)([O-])OCC[N+](C)(C)C)NC(=O)CCCCCCCCCCC)O,44260123
UCD.Lipid.170,SM (d34:0),CCCCCCCCCCCCCCC[C@H]([C@H](COP(=O)([O-])OCC[N+](C)(C)C)NC(=O)CCCCCCCCCCCCCCC)O,9939965
UCD.Lipid.171,SM (d40:2),CCCCCCCCCCC/C=C/[C@H]([C@H](COP(=O)([O-])OCC[N+](C)(C)C)NC(=O)CCCCCCCCCCCCC/C=C\CCCCCCCC)O,52931201
UCD.Lipid.172,SM (d42:2),CCCCCCCCCCCCCCCCCCCCCCCC(=O)N[C@@H](COP(=O)([O-])OCC[N+](C)(C)C)[C@@H](/C=C/CCCCCCCC/C=C\CCC)O,52931217
UCD.Lipid.173,TG (14:0/14:0/14:0),CCCCCCCCCCCCCC(=O)OCC(COC(=O)CCCCCCCCCCCCC)OC(=O)CCCCCCCCCCCCC,11148
UCD.Lipid.174,TG (40:0),CCCCCCCCCCCCCCCC(=O)OC[C@@H](COC(=O)CCCCCCCCCCC)OC(=O)CCCCCCCCCCC,91865738
UCD.Lipid.175,TG (40:1),CCCCCCCCCCCC(=O)OC[C@H](COC(=O)CCCCCCC/C=C\CCCCCC)OC(=O)CCCCCCCCCCC,56936435
UCD.Lipid.176,TG (42:1),CCCCCCCCCCCCCC(=O)O[C@H](COC(=O)CCCCCCCCCCC)COC(=O)CCCCCCC/C=C\CCCCCC,56937002
UCD.Lipid.177,TG (42:2),CCCCCCCCCCCC(=O)OC[C@H](COC(=O)CCCCCCC/C=C\CCCCCC)OC(=O)CCCCCCC/C=C\CCCC,56937031
UCD.Lipid.178,TG (42:3),CCCC/C=C\CCCCCCCC(=O)OCC(OC(=O)CCCCCCC/C=C\CCCC)COC(=O)CCCCCCC/C=C\CCCC,14122758
UCD.Lipid.179,TG (44:0),CCCCCCCCCCCCCCCC(=O)OC(COC(=O)CCCCCCCCCCCCC)COC(=O)CCCCCCCCCCCCC,14169768
UCD.Lipid.180,TG (44:1),CCCCCCCCCCCCCCCC(=O)O[C@H](COC(=O)CCCCCCCCCCC)COC(=O)CCCCCCC/C=C\CCCCCC,56937112
UCD.Lipid.181,TG (44:2),CCCCCCCCCCCC(=O)OC[C@H](COC(=O)CCCCCCC/C=C\CCCCCC)OC(=O)CCCCCCC/C=C\CCCCCC,56936464
UCD.Lipid.182,TG (46:0),CCCCCCCCCCCCCCCC(=O)OCC(COC(=O)CCCCCCCCCCCCC)OC(=O)CCCCCCCCCCCCCCC,4099879
UCD.Lipid.183,TG (46:1),CCCCCCCCCCCCCC(=O)OCC(COC(=O)CCCCCCC/C=C\CCCCCCCC)OC(=O)CCCCCCCCCCCCC,11764207
UCD.Lipid.184,TG (46:2),CCCCCCCCCCCCCC(=O)OC[C@H](COC(=O)CCCCCCC/C=C\CCCCCC)OC(=O)CCCCCCC/C=C\CCCCCC,56936582
UCD.Lipid.185,TG (46:3),CCCCCCCCCCCC(=O)OC[C@H](COC(=O)CCCCCCC/C=C\C/C=C\CCCCC)OC(=O)CCCCCCC/C=C\CCCCCC,56937142
UCD.Lipid.186,TG (46:4) A,CCCCCCCCCCCCCCCCCCCCC(=O)OC[C@H](COC(=O)CCCCC/C=C\C/C=C\C/C=C\C/C=C\CCCCC)OC(=O)CCCCCCCCCCCCCCCCCCCC,9546380
UCD.Lipid.187,TG (48:0),CCCCCCCCCCCCCCCC(=O)OCC(COC(=O)CCCCCCCCCCCCCCC)OC(=O)CCCCCCCCCCCCCCC,11147
UCD.Lipid.188,TG (48:1),CCCCCCCCCCCCCCCC(=O)OC[C@H](COC(=O)CCCCCCC/C=C\CCCCCC)OC(=O)CCCCCCCCCCCCCCC,9543986
UCD.Lipid.189,TG (48:2),CCCCCCCCCCCCCCCC(=O)OC[C@H](COC(=O)CCCCCCC/C=C\CCCCCC)OC(=O)CCCCCCC/C=C\CCCCCC,9543987
UCD.Lipid.190,TG (48:3),CCCCCC/C=C\CCCCCCCC(=O)OCC(OC(=O)CCCCCCC/C=C\CCCCCC)COC(=O)CCCCCCC/C=C\CCCCCC,9543989
UCD.Lipid.191,TG (48:4),CCCCCCCCCCCCCC(=O)OC[C@H](COC(=O)CCCCCC/C=C\C/C=C\C/C=C\CCCCC)OC(=O)CCCCCCC/C=C\CCCC,56937945
UCD.Lipid.192,TG (49:0),CCCCCCCCCCCCCCCCC(=O)OC[C@@H](COC(=O)CCCCCCCCCCCCCCC)OC(=O)CCCCCCCCCCCCCCC,9543988
UCD.Lipid.193,TG (49:1),CCCCCCCCCCCCCCCC(=O)OC[C@H](COC(=O)CCCCCCC/C=C\CCCCCCC)OC(=O)CCCCCCCCCCCCCCC,9543991
UCD.Lipid.194,TG (49:2),CCCCCCCCCCCCCCCCC(=O)OC[C@@H](COC(=O)CCCCCCC/C=C\CCCCCC)OC(=O)CCCCCCC/C=C\CCCCCC,9543993
UCD.Lipid.195,TG (49:3),CCCCCCCCCCCCCC(=O)OC[C@H](COC(=O)CCCCCCC/C=C\C/C=C\CCCCC)OC(=O)CCCCCCC/C=C\CCCCCCC,56938088
UCD.Lipid.196,TG (50:0),CCCCCCCCCCCCCCCCCC(=O)OCC(COC(=O)CCCCCCCCCCCCCCCCC)OC(=O)CCCCCCCCCCCCC,545588
UCD.Lipid.197,TG (50:1),CCCCCCCCCCCCCCCC(=O)OC[C@H](COC(=O)CCCCCCC/C=C\CCCCCCCC)OC(=O)CCCCCCCCCCCCCCC,25240460
UCD.Lipid.198,TG (50:2),CCCCCCCCCCCCCCCCCC(=O)OC[C@@H](COC(=O)CCCCCCC/C=C\CCCCCC)OC(=O)CCCCCCC/C=C\CCCCCC,9544010
UCD.Lipid.199,TG (50:3),CCCCCCCC/C=C\CCCCCCCC(=O)OC[C@@H](COC(=O)CCCCCCC/C=C\CCCCCC)OC(=O)CCCCCCC/C=C\CCCCCC,25240357
UCD.Lipid.200,TG (50:4),CCCCCC/C=C\CCCCCCCC(=O)OC[C@H](COC(=O)CCCCCCC/C=C\C/C=C\CCCCC)OC(=O)CCCCCCC/C=C\CCCCCC,25240359
UCD.Lipid.201,TG (50:5),CCCCCC/C=C\CCCCCCCC(=O)OC[C@H](COC(=O)CCCCCCC/C=C\C/C=C\C/C=C\CC)OC(=O)CCCCCCC/C=C\CCCCCC,9544045
UCD.Lipid.202,TG (50:6),CCCCCCCCCCCCCC(=O)OC(COC(=O)CCCCCCC/C=C\C/C=C\C/C=C\CC)COC(=O)CCCCCCC/C=C\C/C=C\C/C=C\CC,53480546
UCD.Lipid.203,TG (51:1),CCCCCCCCCCCCCCCCC(=O)OC[C@H](COC(=O)CCCCCCC/C=C\CCCCCCC)OC(=O)CCCCCCCCCCCCCCCC,9544006
UCD.Lipid.204,TG (51:2),CCCCCCCCCCCCCCCCC(=O)OC[C@H](COC(=O)CCCCCCC/C=C\CCCCCCC)OC(=O)CCCCCCC/C=C\CCCCCCC,9544013
UCD.Lipid.205,TG (51:3),CCCCCCC/C=C\CCCCCCCC(=O)OCC(OC(=O)CCCCCCC/C=C\CCCCCCC)COC(=O)CCCCCCC/C=C\CCCCCCC,9544023
UCD.Lipid.206,TG (51:4),CCCCCCCC/C=C\CCCCCCCC(=O)OC[C@@H](COC(=O)CCCCCCC/C=C\CCCCCC)OC(=O)CCCCCCC/C=C\C/C=C\CCCC,9544052
UCD.Lipid.207,TG (51:5),CCCCCCCC/C=C\CCCCCCCC(=O)OC[C@@H](COC(=O)CCCCCCC/C=C\CCCCCC)OC(=O)CCCCCCC/C=C\C/C=C\CCCC,9544052
UCD.Lipid.208,TG (52:0),CCCCCCCCCCCCCCCCCC(=O)OC[C@@H](COC(=O)CCCCCCCCCCCCCCC)OC(=O)CCCCCCCCCCCCCCCCC,545690
UCD.Lipid.209,TG (52:1),CCCCCCCCCCCCCCCCCC(=O)OC(COC(=O)CCCCCCCCCCCCCCC)COC(=O)CCCCCCC/C=C\CCCCCCCC,5365005
UCD.Lipid.210,TG (52:2),CCCCCCCCCCCCCCCCCCCC(=O)OC[C@@H](COC(=O)CCCCCCCCCCCCC)OC(=O)CCCCCCC/C=C\C/C=C\CCCCC,56938176
UCD.Lipid.211,TG (52:3),CCCCCCCCCCCCCC(=O)OC[C@H](COC(=O)CCCCCCCCC/C=C\CCCCCCCC)OC(=O)CCCCCCC/C=C\C/C=C\CCCCC,56938177
UCD.Lipid.212,TG (52:4),CCCCCCCC/C=C\CCCCCCCC(=O)O[C@H](COC(=O)CCCCCCC/C=C\CCCCCC)COC(=O)CCCCCCC/C=C\C/C=C\CCCCC,25240364
UCD.Lipid.213,TG (52:5),CCCCCC/C=C\CCCCCCCC(=O)OC[C@H](COC(=O)CCCCCCC/C=C\C/C=C\CCCCC)OC(=O)CCCCCCC/C=C\C/C=C\CCCCC,25240366
UCD.Lipid.214,TG (52:6),CCCCCCCCCCCCCC(=O)OC[C@H](COC(=O)CCC/C=C\C/C=C\C/C=C\C/C=C\CCCCC)OC(=O)CCCCCCC/C=C\C/C=C\CCCCC,56938180
UCD.Lipid.215,TG (53:1),CCCCCCCCCCCCCCCCCC(=O)OC[C@@H](COC(=O)CCCCCCC/C=C\CCCCCCC)OC(=O)CCCCCCCCCCCCCCCCC,9544081
UCD.Lipid.216,TG (53:2),CCCCCCCCCCCCCCCCCC(=O)OC[C@@H](COC(=O)CCCCCCC/C=C\C/C=C\CCCC)OC(=O)CCCCCCCCCCCCCCCCC,9544102
UCD.Lipid.217,TG (53:3),CCCCCCCC/C=C\CCCCCCCC(=O)OC[C@@H](COC(=O)CCCCCCC/C=C\CCCCCCC)OC(=O)CCCCCCC/C=C\CCCCCCCC,9544126
UCD.Lipid.218,TG (53:4),CCCCCCCC/C=C\CCCCCCCC(=O)OC[C@@H](COC(=O)CCCCCCC/C=C\C/C=C\CCCC)OC(=O)CCCCCCC/C=C\CCCCCCCC,9544152
UCD.Lipid.219,TG (53:5),CCCCCCC/C=C\CCCCCCCC(=O)OC[C@H](COC(=O)CCCCCCC/C=C\C/C=C\CCCCC)OC(=O)CCCCCCC/C=C\C/C=C\CCCCC,9544183
UCD.Lipid.220,TG (54:0),CCCCCCCCCCCCCCCCCC(=O)OC[C@H](COC(=O)CCCCCCC/C=C\CCCCCCCC)OC(=O)CCCCCCCCCCCCCCCCC,16058371
UCD.Lipid.221,TG (54:1),CCCCCCCCCCCCCCCCCC(=O)OC[C@H](COC(=O)CCCCCCC/C=C\CCCCCCCC)OC(=O)CCCCCCCCCCCCCCCCC,16058371
UCD.Lipid.222,TG (54:2),CCCCCCCCCCCCCCCCCCCCCC(=O)OC[C@@H](COC(=O)CCCCCCCCCCCCC)OC(=O)CCCCCCC/C=C\C/C=C\CCCCC,56938183
UCD.Lipid.223,TG (54:3),CCCCCCCC/C=C\CCCCCCCC(=O)OCC(OC(=O)CCCCCCC/C=C\CCCCCCCC)COC(=O)CCCCCCC/C=C\CCCCCCCC,5497163
UCD.Lipid.224,TG (54:4),CCCCCCCCCCCCCCCCCC(=O)OC[C@H](COC(=O)CCCCCCC/C=C\C/C=C\C/C=C\CC)OC(=O)CCCCCCC/C=C\CCCCCCCC,9544255
UCD.Lipid.225,TG (54:5),CCCCCCCC/C=C\CCCCCCCC(=O)OC[C@H](COC(=O)CCCCCCC/C=C\C/C=C\CCCCC)OC(=O)CCCCCCC/C=C\C/C=C\CCCCC,25240373
UCD.Lipid.226,TG (54:6),CCCCC/C=C\C/C=C\CCCCCCCC(=O)OCC(OC(=O)CCCCCCC/C=C\C/C=C\CCCCC)COC(=O)CCCCCCC/C=C\C/C=C\CCCCC,5322095
UCD.Lipid.227,TG (54:8),CCCCC/C=C\C/C=C\C/C=C\C/C=C\CCCC(=O)OC[C@@H](COC(=O)CCCCCCC/C=C\C/C=C\CCCC)OC(=O)CCCCCCC/C=C\C/C=C\CCCC,9544413
UCD.Lipid.228,TG (56:1),CCCCCCCCCCCCCCCCCCCC(=O)OC[C@@H](COC(=O)CCCCCCCCCCCCCCCCC)OC(=O)CCCCCCC/C=C\CCCCCCCC,9544345
UCD.Lipid.229,TG (56:2),CCCCCCCCCCCCCCCCCCCC(=O)OC[C@@H](COC(=O)CCCCCCCCCCCCCCCCC)OC(=O)CCCCCCC/C=C\C/C=C\CCCCC,9544390
UCD.Lipid.230,TG (56:3),CCCCCCCC/C=C\CCCCCCCCCC(=O)OC[C@@H](COC(=O)CCCCCCC/C=C\CCCCCCCC)OC(=O)CCCCCCC/C=C\CCCCCCCC,9544447
UCD.Lipid.231,TG (56:4),CCCCCCCC/C=C\CCCCCCCCCC(=O)OC[C@@H](COC(=O)CCCCCCC/C=C\CCCCCCCC)OC(=O)CCCCCCC/C=C\C/C=C\CCCCC,25240379
UCD.Lipid.232,TG (56:5),CCCCCCCC/C=C\CCCCCCCCCC(=O)OC[C@@H](COC(=O)CCCCCCC/C=C\C/C=C\CCCCC)OC(=O)CCCCCCC/C=C\C/C=C\CCCCC,25240380
UCD.Lipid.233,TG (56:6),CCCCC/C=C\C/C=C\CCCCCCCCCC(=O)OC[C@@H](COC(=O)CCCCCCC/C=C\C/C=C\CCCCC)OC(=O)CCCCCCC/C=C\C/C=C\CCCCC,9544625
UCD.Lipid.234,TG (56:7),CCCCC/C=C\C/C=C\CCCCCCCC(=O)OC[C@H](COC(=O)CCCCCC/C=C\C/C=C\C/C=C\CCCCC)OC(=O)CCCCCCC/C=C\C/C=C\CCCCC,9544695
UCD.Lipid.235,TG (56:8),CCCCCCCCCCCCCCCC(=O)OC[C@H](COC(=O)CCC/C=C\C/C=C\C/C=C\C/C=C\CCCCC)OC(=O)CCC/C=C\C/C=C\C/C=C\C/C=C\CCCCC,9544762
UCD.Lipid.236,TG (56:9),CCCCC/C=C\C/C=C\CCCCCCCC(=O)OC[C@H](COC(=O)CCC/C=C\C/C=C\C/C=C\C/C=C\CCCCC)OC(=O)CCC/C=C\C/C=C\C/C=C\C/C=C\CCCCC,9545277
UCD.Lipid.237,TG (57:1),CCCCCCCCCCCCCCCCCCCC(=O)OC[C@@H](COC(=O)CCCCCCCCCCCCCCCCC)OC(=O)CCCCCCC/C=C\CCCCCCCC,9544345
UCD.Lipid.238,TG (57:2),CCCCCCCCCCCCCCCCCCCCCC(=O)O[C@H](COC(=O)CCCCCCCCCCCCC)COC(=O)CCCCCCCCCCC/C=C\C/C=C\CCCCC,56938341
UCD.Lipid.239,TG (58:1),CCCCCCCCCCCCCCCCCCCC(=O)OC[C@@H](COC(=O)CCCCCCC/C=C\CCCCCCCC)OC(=O)CCCCCCCCCCCCCCCCCCC,25240381
UCD.Lipid.240,TG (58:10),CCCCC/C=C\C/C=C\CCCCCCCC(=O)OC[C@H](COC(=O)CCC/C=C\C/C=C\C/C=C\C/C=C\CCCCC)OC(=O)CCC/C=C\C/C=C\C/C=C\C/C=C\CCCCC,9545277
UCD.Lipid.241,TG (58:2),CCCCCCCCCCCCCCCCCCCCCC(=O)O[C@H](COC(=O)CCCCCCCCCCCCC)COC(=O)CCCCCCCCCCC/C=C\C/C=C\CCCCC,56938341
UCD.Lipid.242,TG (58:3),CCCCCCCC/C=C\CCCCCCCCCC(=O)OC[C@@H](COC(=O)CCCCCCC/C=C\CCCCCCCC)OC(=O)CCCCCCCCC/C=C\CCCCCCCC,9544748
UCD.Lipid.243,TG (58:4),CCCCCCCCCCCCCCCCCCCC(=O)O[C@H](COC(=O)CCCCCCCCCCCCCCCCC)COC(=O)CCC/C=C\C/C=C\C/C=C\C/C=C\CCCCC,9544835
UCD.Lipid.244,TG (58:6),CCCCCCCC/C=C\CCCCCCCCCC(=O)O[C@H](COC(=O)CCCCCCC/C=C\CCCCCCCC)COC(=O)CCC/C=C\C/C=C\C/C=C\C/C=C\CCCCC,9544977
UCD.Lipid.245,TG (58:8),CCCCCCCCCCCCCCCCCC(=O)OC[C@H](COC(=O)CCC/C=C\C/C=C\C/C=C\C/C=C\CCCCC)OC(=O)CCC/C=C\C/C=C\C/C=C\C/C=C\CCCCC,9545124
UCD.Lipid.246,TG (58:9),CCCCCCCC/C=C\CCCCCCCC(=O)OC[C@H](COC(=O)CCC/C=C\C/C=C\C/C=C\C/C=C\CCCCC)OC(=O)CCC/C=C\C/C=C\C/C=C\C/C=C\CCCCC,9545200
UCD.Lipid.247,TG (59:2),CCCCCCCCCCCCCCCCCCCC(=O)OC[C@H](COC(=O)CCCCCCCCC/C=C\CCCCCCCC)OC(=O)CCCCCCCCC/C=C\CCCCCCCC,9545040
UCD.Lipid.248,TG (59:3),CCCCCCCCCCCCCCCCCCCCCC(=O)OC[C@@H](COC(=O)CCCC/C=C\C/C=C\C/C=C\CCCCC)OC(=O)CCCCCCCCCCCCCCCCCC,56940178
UCD.Lipid.249,TG (60:11),CCCCCCCCCCCCCCCC(=O)O[C@H](COC(=O)CCCCC/C=C\C/C=C\C/C=C\C/C=C\C/C=C\CC)COC(=O)CC/C=C\C/C=C\C/C=C\C/C=C\C/C=C\C/C=C\CC,53480585
UCD.Lipid.250,TG (60:2),CCCCCCCCCCCCCCCCCCCC(=O)OC[C@H](COC(=O)CCCCCCCCC/C=C\CCCCCCCC)OC(=O)CCCCCCCCC/C=C\CCCCCCCC,9545040
UCD.Lipid.251,TG (60:3),CCCCCCCCCCCCCCCCCCCCCC(=O)OC[C@@H](COC(=O)CCCCCCC/C=C\C/C=C\C/C=C\CC)OC(=O)CCCCCCCCCCCCCCCCCCC,9545301
UCD.Lipid.252,TG (60:4),CCCCCCCCCCCCCCCCCCCC(=O)O[C@@H](COC(=O)CCCCCCCCCCC/C=C\C/C=C\CCCCC)COC(=O)CCCCCCC/C=C\C/C=C\CCCCC,9545479
UCD.Lipid.253,TG (60:6),CCCCCCCC/C=C\CCCCCCCCCC(=O)O[C@H](COC(=O)CCCCCCC/C=C\CCCCCCCC)COC(=O)CCC/C=C\C/C=C\C/C=C\C/C=C\CCCCC,9544977
UCD.Lipid.254,TG (62:3),CCCCCCCCCCCCCCCCCCCCCC(=O)O[C@@H](COC(=O)CCCCCCCCC/C=C\CCCCCCCCCC)COC(=O)CCCCCCC/C=C\C/C=C\CCCCC,56940130
UCD.Lipid.255,TG (62:4),CCCCCCCCCCCCCCCCCCCC(=O)OC[C@H](COC(=O)CCCCCCCCCCC/C=C\CCCCCCCC)OC(=O)CCCCCC/C=C\C/C=C\C/C=C\CCCCC,9545749
UCD.Lipid.256,TG (64:4),CCCCCCCCCCCCCCCCCCCC(=O)OC[C@H](COC(=O)CCCCCCCC/C=C\C/C=C\C/C=C\CCCCC)OC(=O)CCCCCCCCCCC/C=C\CCCCCCCC,9546124
UCD.Lipid.257,Ceramide (d32:1),CCCCCCCCCCCCC/C=C/[C@H]([C@H](CO)NC(=O)CCCCCCCCCCCCC)O,5282310
UCD.Lipid.258,Ceramide (d33:1),CCCCCCCCCCCCCCCCC(=O)N[C@@H](CO)[C@@H](/C=C/CCCCCCCCCCC)O,52931112
UCD.Lipid.259,Ceramide (d34:0),CCCCCCCCCCCCCCC[C@H]([C@H](CO)NC(=O)CCCCCCCCCCCCCCC)O,5283572
UCD.Lipid.260,Ceramide (d34:1),CCCCCCCCCCCCCCCC(=O)N[C@@H](CO)[C@@H](/C=C/CCCCCCCCCCCCC)O,5283564
UCD.Lipid.261,Ceramide (d34:2),CCCCCCCCCCCCCCCC(=O)N[C@@H](CO)[C@@H](/C=C/CCCCCCCC/C=C\CCC)O,52931118
UCD.Lipid.262,Ceramide (d36:1),CCCCCCCCCCCCCCC[C@H]([C@H](CO)NC(=O)CCCCCCC/C=C\CCCCCCCC)O,6442676
UCD.Lipid.263,Ceramide (d38:1),CCCCCCCCCCCCCCCCCCCC(=O)N[C@@H](CO)[C@@H](/C=C/CCCCCCCCCCCCC)O,5283566
UCD.Lipid.264,Ceramide (d39:1),CCCCCCCCCCCCCCCCCCCCCCC(=O)N[C@@H](CO)[C@@H](/C=C/CCCCCCCCCCC)O,11273482
UCD.Lipid.265,Ceramide (d40:0),CCCCCCCCCCCCCCCCCCCCCC(=O)N[C@@H](CO)[C@@H](CCCCCCCCCCCCCCC)O,5283575
UCD.Lipid.266,Ceramide (d40:1),CCCCCCCCCCCCCCCCCCCCCC(=O)N[C@@H](CO)[C@@H](/C=C/CCCCCCCCCCCCC)O,5283567
UCD.Lipid.267,Ceramide (d40:2),CCCCCCCCCCCCCCCCCCCCCC(=O)N[C@@H](CO)[C@@H](/C=C/CCCCCCCC/C=C\CCC)O,52931123
UCD.Lipid.268,Ceramide (d41:1),CCCCCCCCCCCCCCCCCCCCCCC(=O)N[C@@H](CO)[C@@H](/C=C/CCCCCCCCCCCCC)O,52931115
UCD.Lipid.269,Ceramide (d42:0),CCCCCCCCCCCCCCCCCCCCCCCC(=O)N[C@@H](CO)[C@@H](CCCCCCCCCCCCCCC)O,5283577
UCD.Lipid.270,Ceramide (d42:1),CCCCCCCCCCCCCCCCCCCCCCCC(=O)N[C@@H](CO)[C@@H](/C=C/CCCCCCCCCCCCC)O,5283571
UCD.Lipid.271,Ceramide (d42:2) A,CCCCCCCCCCCCC/C=C/[C@H]([C@H](CO)NC(=O)CCCCCCCCCCCCC/C=C\CCCCCCCC)O,5283568
UCD.Lipid.272,Ceramide (d43:1),CCCCCCCCCCCCCCCCCCCCCCCCC(=O)N[C@@H](CO)[C@@H](/C=C/CCCCCCCCCCCCC)O,9547202
UCD.Lipid.273,Ceramide (d44:1),CCCCCCCCCCCCCCCCCCCCCCCCCC(=O)N[C@@H](CO)[C@@H](/C=C/CCCCCCCCCCCCC)O,5283570
UCD.Lipid.274,CSH_negESI #014,#N/A,#N/A
UCD.Lipid.275,CSH_negESI #056,#N/A,#N/A
UCD.Lipid.276,CSH_negESI #109,#N/A,#N/A
UCD.Lipid.277,CSH_negESI #113,#N/A,#N/A
UCD.Lipid.278,CSH_negESI #130,#N/A,#N/A
UCD.Lipid.279,CSH_negESI #131,#N/A,#N/A
UCD.Lipid.280,CSH_negESI #223,#N/A,#N/A
UCD.Lipid.281,CSH_negESI #293,#N/A,#N/A
UCD.Lipid.282,CSH_negESI #377,#N/A,#N/A
UCD.Lipid.283,CSH_negESI #378,#N/A,#N/A
UCD.Lipid.284,CSH_negESI #387,#N/A,#N/A
UCD.Lipid.285,CSH_negESI #405,#N/A,#N/A
UCD.Lipid.286,CSH_negESI #413,#N/A,#N/A
UCD.Lipid.287,CSH_negESI #414,#N/A,#N/A
UCD.Lipid.288,CSH_negESI #420,#N/A,#N/A
UCD.Lipid.289,CSH_negESI #501,#N/A,#N/A
UCD.Lipid.290,CSH_negESI #502,#N/A,#N/A
UCD.Lipid.291,CSH_negESI #504,#N/A,#N/A
UCD.Lipid.292,CSH_negESI #510,#N/A,#N/A
UCD.Lipid.293,CSH_negESI #511,#N/A,#N/A
UCD.Lipid.294,CSH_negESI #520,#N/A,#N/A
UCD.Lipid.295,CSH_negESI #524,#N/A,#N/A
UCD.Lipid.296,CSH_negESI #527,#N/A,#N/A
UCD.Lipid.297,CSH_negESI #528,#N/A,#N/A
UCD.Lipid.298,CSH_negESI #530,#N/A,#N/A
UCD.Lipid.299,CSH_negESI #550,#N/A,#N/A
UCD.Lipid.300,CSH_negESI #564,#N/A,#N/A
UCD.Lipid.301,CSH_negESI #565,#N/A,#N/A
UCD.Lipid.302,CSH_negESI #569,#N/A,#N/A
UCD.Lipid.303,CSH_negESI #573,#N/A,#N/A
UCD.Lipid.304,CSH_negESI #579,#N/A,#N/A
UCD.Lipid.305,CSH_negESI #580,#N/A,#N/A
UCD.Lipid.306,CSH_negESI #581,#N/A,#N/A
UCD.Lipid.307,CSH_negESI #586,#N/A,#N/A
UCD.Lipid.308,CSH_negESI #587,#N/A,#N/A
UCD.Lipid.309,CSH_negESI #589,#N/A,#N/A
UCD.Lipid.310,CSH_negESI #590,#N/A,#N/A
UCD.Lipid.311,CSH_negESI #591,#N/A,#N/A
UCD.Lipid.312,CSH_negESI #592,#N/A,#N/A
UCD.Lipid.313,CSH_negESI #593,#N/A,#N/A
UCD.Lipid.314,CSH_negESI #598,#N/A,#N/A
UCD.Lipid.315,CSH_negESI #599,#N/A,#N/A
UCD.Lipid.316,CSH_negESI #600,#N/A,#N/A
UCD.Lipid.317,CSH_negESI #612,#N/A,#N/A
UCD.Lipid.318,CSH_negESI #615,#N/A,#N/A
UCD.Lipid.319,CSH_negESI #617,#N/A,#N/A
UCD.Lipid.320,CSH_negESI #624,#N/A,#N/A
UCD.Lipid.321,CSH_negESI #627,#N/A,#N/A
UCD.Lipid.322,CSH_negESI #628,#N/A,#N/A
UCD.Lipid.323,CSH_negESI #631,#N/A,#N/A
UCD.Lipid.324,CSH_negESI #633,#N/A,#N/A
UCD.Lipid.325,CSH_negESI #638,#N/A,#N/A
UCD.Lipid.326,CSH_negESI #639,#N/A,#N/A
UCD.Lipid.327,CSH_negESI #644,#N/A,#N/A
UCD.Lipid.328,CSH_negESI #648,#N/A,#N/A
UCD.Lipid.329,CSH_negESI #650,#N/A,#N/A
UCD.Lipid.330,CSH_negESI #653,#N/A,#N/A
UCD.Lipid.331,CSH_negESI #658,#N/A,#N/A
UCD.Lipid.332,CSH_negESI #668,#N/A,#N/A
UCD.Lipid.333,CSH_negESI #670,#N/A,#N/A
UCD.Lipid.334,CSH_negESI #678,#N/A,#N/A
UCD.Lipid.335,CSH_negESI #682,#N/A,#N/A
UCD.Lipid.336,CSH_negESI #683,#N/A,#N/A
UCD.Lipid.337,CSH_negESI #690,#N/A,#N/A
UCD.Lipid.338,CSH_negESI #691,#N/A,#N/A
UCD.Lipid.339,CSH_negESI #693,#N/A,#N/A
UCD.Lipid.340,CSH_negESI #695,#N/A,#N/A
UCD.Lipid.341,CSH_negESI #698,#N/A,#N/A
UCD.Lipid.342,CSH_negESI #701,#N/A,#N/A
UCD.Lipid.343,CSH_negESI #706,#N/A,#N/A
UCD.Lipid.344,CSH_negESI #709,#N/A,#N/A
UCD.Lipid.345,CSH_negESI #710,#N/A,#N/A
UCD.Lipid.346,CSH_negESI #713,#N/A,#N/A
UCD.Lipid.347,CSH_negESI #716,#N/A,#N/A
UCD.Lipid.348,CSH_negESI #722,#N/A,#N/A
UCD.Lipid.349,CSH_negESI #723,#N/A,#N/A
UCD.Lipid.350,CSH_negESI #724,#N/A,#N/A
UCD.Lipid.351,CSH_negESI #728,#N/A,#N/A
UCD.Lipid.352,CSH_negESI #733,#N/A,#N/A
UCD.Lipid.353,CSH_negESI #735,#N/A,#N/A
UCD.Lipid.354,CSH_negESI #743,#N/A,#N/A
UCD.Lipid.355,CSH_negESI #744,#N/A,#N/A
UCD.Lipid.356,CSH_negESI #749,#N/A,#N/A
UCD.Lipid.357,CSH_negESI #750,#N/A,#N/A
UCD.Lipid.358,CSH_negESI #762,#N/A,#N/A
UCD.Lipid.359,CSH_negESI #764,#N/A,#N/A
UCD.Lipid.360,CSH_negESI #767,#N/A,#N/A
UCD.Lipid.361,CSH_negESI #770,#N/A,#N/A
UCD.Lipid.362,CSH_negESI #773,#N/A,#N/A
UCD.Lipid.363,GlcCer (d38:1),CCCCCCCCCCCCCCCCCCCC(=O)N[C@@H](CO[C@H]1[C@@H]([C@H]([C@@H]([C@H](O1)CO)O)O)O)[C@@H](/C=C/CCCCCCCCCCCCC)O,20057356
UCD.Lipid.364,GlcCer (d40:1),CCCCCCCCCCCCCCCCCCCCCC(=O)N[C@@H](CO[C@H]1C(C([C@@H]([C@H](O1)CO)O)O)O)[C@@H](/C=C/CCCCCCCCCCCCC)O,6321359
UCD.Lipid.365,GlcCer (d41:1),CCCCCCCCCCCCCCCCCCCCCCC(=O)N[C@@H](CO[C@H]1C(C([C@@H]([C@H](O1)CO)O)O)O)[C@@H](/C=C/CCCCCCCCCCCCC)O,52931253
UCD.Lipid.366,GlcCer (d42:1),CCCCCCCCCCCCCCCCCCCCCCCC(=O)N[C@@H](CO[C@H]1C(C([C@@H]([C@H](O1)CO)O)O)O)[C@@H](/C=C/CCCCCCCCCCCCC)O,6321361
UCD.Lipid.367,GlcCer (d42:2),CCCCCCCCCCCCC/C=C/[C@H]([C@H](CO[C@H]1C(C([C@@H]([C@H](O1)CO)O)O)O)NC(=O)CCCCCCCCCCCCC/C=C\CCCCCCCC)O,6321360
UCD.Lipid.368,GlcCer(d14:1(4E)/20:0(2OH)),CCCCCCCCCCCCCCCCCCC(C(=O)N[C@@H](CO[C@H]1C(C([C@@H]([C@H](O1)CO)O)O)O)[C@@H](/C=C/CCCCCCCCC)O)O,70699246
UCD.Lipid.369,LPC (16:0),CCCCCCCCCCCCCCCC(=O)OC[C@H](COP(=O)([O-])OCC[N+](C)(C)C)O,460602
UCD.Lipid.370,LPC (16:1),CCCCCC/C=C\CCCCCCCC(=O)OC[C@H](COP(=O)([O-])OCC[N+](C)(C)C)O,24779461
UCD.Lipid.371,LPC (18:0) A,CCCCCCCCCCCCCCCCCC(=O)OC[C@H](COP(=O)([O-])OCC[N+](C)(C)C)O,497299
UCD.Lipid.372,LPC (18:1),CCCCCCCC/C=C\CCCCCCCC(=O)OC[C@H](COP(=O)([O-])OCC[N+](C)(C)C)O,16081932
UCD.Lipid.373,LPC (18:2),CCCCC/C=C\C/C=C\CCCCCCCC(=O)OC[C@H](COP(=O)([O-])OCC[N+](C)(C)C)O,11005824
UCD.Lipid.374,LPC (20:1),CCCCCCCCCC/C=C\CCCCCCCC(=O)OC[C@H](COP(=O)([O-])OCC[N+](C)(C)C)O,24779475
UCD.Lipid.375,LPC (20:2),CCCCC/C=C\C/C=C\CCCCCCCCCC(=O)OC[C@H](COP(=O)([O-])OCC[N+](C)(C)C)O,52924053
UCD.Lipid.376,LPC (20:3),CCCCC/C=C\C/C=C\C/C=C\CCCCCCC(=O)OC[C@H](COP(=O)([O-])OCC[N+](C)(C)C)O,52924055
UCD.Lipid.377,LPC (22:5),CCCCC/C=C\C/C=C\C/C=C\C/C=C\C/C=C\CCC(=O)OC[C@H](COP(=O)([O-])OCC[N+](C)(C)C)O,53480473
UCD.Lipid.378,LPE (16:0),CCCCCCCCCCCCCCCC(=O)O[C@H](CO)COP(=O)(O)OCCN,53480922
UCD.Lipid.379,LPE (18:2),CCCCC/C=C\C/C=C\CCCCCCCC(=O)OC[C@H](COP(=O)(O)OCCN)O,52925130
UCD.Lipid.380,LPE (20:4),CC/C=C\C/C=C\C/C=C\C/C=C\CCCCCCC(=O)OC[C@H](COP(=O)(O)OCCN)O,53480952
UCD.Lipid.381,LPE (22:6),CC/C=C\C/C=C\C/C=C\C/C=C\C/C=C\C/C=C\CCC(=O)OC[C@H](COP(=O)(O)OCCN)O,52925132
UCD.Lipid.382,PC (32:0),CCCCCCCCCCCCCCCC(=O)OC[C@H](COP(=O)([O-])OCC[N+](C)(C)C)OC(=O)CCCCCCCCCCCCCCC,452110
UCD.Lipid.383,PC (32:1),CCCCCCCCCCCCCCCC(=O)OC[C@H](COP(=O)([O-])OCC[N+](C)(C)C)OC(=O)CCCCCCC/C=C\CCCCCC,6443788
UCD.Lipid.384,PC (32:2),CCCCCC/C=C\CCCCCCCC(=O)OC[C@H](COP(=O)([O-])OCC[N+](C)(C)C)OC(=O)CCCCCCC/C=C\CCCCCC,24778764
UCD.Lipid.385,PC (33:1),CCCCCCCCCCCCCCCCC(=O)O[C@H](COC(=O)CCCCCCC/C=C\CCCCCC)COP(=O)([O-])OCC[N+](C)(C)C,52922442
UCD.Lipid.386,PC (33:2),CCCCCCCCCCCCCCC(=O)O[C@H](COC(=O)CCCCCCC/C=C\C/C=C\CCCCC)COP(=O)([O-])OCC[N+](C)(C)C,52922715
UCD.Lipid.387,PC (34:0),CCCCCCCCCCCCCCCCCC(=O)O[C@H](COC(=O)CCCCCCCCCCCCCCC)COP(=O)([O-])OCC[N+](C)(C)C,24778686
UCD.Lipid.388,PC (34:1),CCCCCCCCCCCCCCCC(=O)OC[C@H](COP(=O)([O-])OCC[N+](C)(C)C)OC(=O)CCCCCCC/C=C\CCCCCCCC,5497103
UCD.Lipid.389,PC (34:2),CCCCCCCCCCCCCCCC(=O)OC[C@H](COP(=O)([O-])OCC[N+](C)(C)C)OC(=O)CCCCCCC/C=C\C/C=C\CCCCC,5287971
UCD.Lipid.390,PC (34:3),CCCCCCCCCCCCCC(=O)O[C@H](COC(=O)CCCCCC/C=C\C/C=C\C/C=C\CCCCC)COP(=O)([O-])OCC[N+](C)(C)C,52923213
UCD.Lipid.391,PC (34:4),CCCCCCCCCCCCCCCC(=O)O[C@H](COC(=O)CCCC/C=C\C/C=C\C/C=C\C/C=C\CC)COP(=O)([O-])OCC[N+](C)(C)C,52922891
UCD.Lipid.392,PC (35:1),CCCCCCCCCCCCCCCCC(=O)O[C@H](COC(=O)CCCCCCC/C=C\CCCCCCCC)COP(=O)([O-])OCC[N+](C)(C)C,52922679
UCD.Lipid.393,PC (35:2),CCCCCCCCCCCCCCCCC(=O)O[C@H](COC(=O)CCCCCCC/C=C\C/C=C\CCCCC)COP(=O)([O-])OCC[N+](C)(C)C,52922721
UCD.Lipid.394,PC (35:4),CCCCCCCCCCCCC(=O)OC[C@H](COP(=O)([O-])OCC[N+](C)(C)C)OC(=O)CCCCC/C=C\C/C=C\C/C=C\C/C=C\CCCCC,52922204
UCD.Lipid.395,PC (36:1),CCCCCCCCCCCCCCCCCC(=O)OC[C@H](COP(=O)([O-])OCC[N+](C)(C)C)OC(=O)CCCCCCC/C=C\CCCCCCCC,24778825
UCD.Lipid.396,PC (36:2),CCCCCCCC/C=C\CCCCCCCC(=O)OC[C@H](COP(=O)([O-])OCC[N+](C)(C)C)OC(=O)CCCCCCC/C=C\CCCCCCCC,10350317
UCD.Lipid.397,PC (36:3) A,CCCCCCCC/C=C\CCCCCCCC(=O)OC[C@H](COP(=O)([O-])OCC[N+](C)(C)C)OC(=O)CCCC/C=C\C/C=C\CCCCCCCC,24778937
UCD.Lipid.398,PC (36:4) B,CCCCCCCCCCCCCCCC(=O)OC[C@H](COP(=O)([O-])OCC[N+](C)(C)C)OC(=O)CCC/C=C\C/C=C\C/C=C\C/C=C\CCCCC,10747814
UCD.Lipid.399,PC (36:5) B,CCCCCC/C=C\CCCCCCCC(=O)OC[C@H](COP(=O)([O-])OCC[N+](C)(C)C)OC(=O)CCC/C=C\C/C=C\C/C=C\C/C=C\CCCCC,24778771
UCD.Lipid.400,PC (37:2),CCCCCCCCCCCCCCCCCCC(=O)O[C@H](COC(=O)CCCCCCC/C=C\C/C=C\CCCCC)COP(=O)([O-])OCC[N+](C)(C)C,52922735
UCD.Lipid.401,PC (37:4),CCCCCCCCC/C=C\CCCCCCCC(=O)O[C@H](COC(=O)CCCCCCC/C=C\C/C=C\C/C=C\CC)COP(=O)([O-])OCC[N+](C)(C)C,52922853
UCD.Lipid.402,PC (38:2),CCCCCCCCCCCCCCCCCCCC(=O)OC[C@H](COP(=O)([O-])OCC[N+](C)(C)C)OC(=O)CCCCCCC/C=C\C/C=C\CCCCC,24779263
UCD.Lipid.403,PC (38:3),CCCCCC/C=C\CCCCCCCCCC(=O)O[C@H](COC(=O)CCCCCCCCC/C=C\C/C=C\CCCCC)COP(=O)([O-])OCC[N+](C)(C)C,53478919
UCD.Lipid.404,PC (38:4) A,CCCCCCCCCCCCCCCCCC(=O)OC[C@H](COP(=O)([O-])OCC[N+](C)(C)C)OC(=O)CCC/C=C\C/C=C\C/C=C\C/C=C\CCCCC,16219824
UCD.Lipid.405,PC (38:5) A,CCCCC/C=C\C/C=C\CCCCCCCC(=O)O[C@H](COC(=O)CCCCCC/C=C\C/C=C\C/C=C\CCCCC)COP(=O)([O-])OCC[N+](C)(C)C,52923235
UCD.Lipid.406,PC (38:6),CCCCC/C=C\C/C=C\CCCCCCCC(=O)O[C@H](COC(=O)CCC/C=C\C/C=C\C/C=C\C/C=C\CCCCC)COP(=O)([O-])OCC[N+](C)(C)C,52923295
UCD.Lipid.407,PC (40:4),CCCCCCCC/C=C\CCCCCCCCCCCC(=O)OC[C@H](COP(=O)([O-])OCC[N+](C)(C)C)OC(=O)CCCCCCC/C=C\C/C=C\C/C=C\CC,53479183
UCD.Lipid.408,PC (40:5) A,CCCCCCCC/C=C\CCCCCCCCCC(=O)OC[C@H](COP(=O)([O-])OCC[N+](C)(C)C)OC(=O)CCC/C=C\C/C=C\C/C=C\C/C=C\CCCCC,52923133
UCD.Lipid.409,PC (40:6) B,CCCCCC/C=C\CCCCCCCCCC(=O)OC[C@H](COP(=O)([O-])OCC[N+](C)(C)C)OC(=O)CCCCC/C=C\C/C=C\C/C=C\C/C=C\C/C=C\CC,24778900
UCD.Lipid.410,PC (40:7),CCCCC/C=C\C/C=C\CCCCCCCC(=O)OC[C@H](COP(=O)([O-])OCC[N+](C)(C)C)OC(=O)CC/C=C\C/C=C\C/C=C\C/C=C\C/C=C\CCCCC,24778982
UCD.Lipid.411,PC (40:8),CCCCCCCC/C=C\C/C=C\C/C=C\CCCC(=O)O[C@H](COC(=O)CCC/C=C\C/C=C\C/C=C\C/C=C\C/C=C\CC)COP(=O)([O-])OCC[N+](C)(C)C,53479127
UCD.Lipid.412,PC (o-32:0),CCCCCCCCCCCCCCCCO[C@H](COC(=O)CCCCCCCCCCCCCCC)COP(=O)([O-])OCC[N+](C)(C)C,173570
UCD.Lipid.413,PC (p-32:0) or PC (o-32:1),CCCCCCCCCCCCCCCC(=O)OCC(COP(=O)([O-])OCC[N+](C)(C)C)O/C=C\CCCCCCCCCCCCCC,53478671
UCD.Lipid.414,PC (p-34:0) or PC (o-34:1),CCCCCCCCCCCCCCCC(=O)O[C@H](COCCCCCCCCCC/C=C\CCCCCC)COP(=O)([O-])OCC[N+](C)(C)C,53481719
UCD.Lipid.415,PC (p-34:1) or PC (o-34:2) A,CCCCCCCCCCCCCCCC(=O)OC(CO/C=C\CCCCCCCC/C=C\CCCCCC)COP(=O)([O-])OCC[N+](C)(C)C,53480735
UCD.Lipid.416,PC (p-34:2) or PC (o-34:3),CCCCCCCCCCCCCCCCOC[C@H](COP(=O)([O-])OCC[N+](C)(C)C)OC(=O)CCCC/C=C\C/C=C\C/C=C\CCCCC,24779293
UCD.Lipid.417,PC (p-36:1) or PC (o-36:2),CCCCCCCCCCCCCCCCOC[C@H](COP(=O)([O-])OCC[N+](C)(C)C)OC(=O)CCCCCCCCC/C=C\C/C=C\CCCCC,52923754
UCD.Lipid.418,PC (p-36:2) or PC (o-36:3),CCCCCCCC/C=C\CCCCCCCC(=O)O[C@H](CO/C=C\CCCCCC/C=C\CCCCCCCC)COP(=O)([O-])OCC[N+](C)(C)C,53480801
UCD.Lipid.419,PC (p-36:3) or PC (o-36:4),CCCCCCCCCCCCCCCC/C=C\OCC(COP(=O)([O-])OCC[N+](C)(C)C)OC(=O)CCCCCCC/C=C\C/C=C\C/C=C\CC,53480709
UCD.Lipid.420,PC (p-36:4) or PC (o-36:5),CCCCCCCCCCCCCC/C=C\OC[C@H](COP(=O)([O-])OCC[N+](C)(C)C)OC(=O)CCC/C=C\C/C=C\C/C=C\C/C=C\CCCCC,24779388
UCD.Lipid.421,PC (p-38:3) or PC (o-38:4),CCCCCCCC/C=C\CCCCCC/C=C\OC[C@H](COP(=O)([O-])OCC[N+](C)(C)C)OC(=O)CCCCCCCCC/C=C\C/C=C\CCCCC,53480815
UCD.Lipid.422,PC (p-38:4) or PC (o-38:5) A,CCCCCCCCCCCCCCCC/C=C\OCC(COP(=O)([O-])OCC[N+](C)(C)C)OC(=O)CCCCCC/C=C\C/C=C\C/C=C\C/C=C\CC,53480715
UCD.Lipid.423,PC (p-38:5) or PC (o-38:6),CCCCCCCCCCCCCC/C=C\OC[C@H](COP(=O)([O-])OCC[N+](C)(C)C)OC(=O)CC/C=C\C/C=C\C/C=C\C/C=C\C/C=C\CCCCC,53480695
UCD.Lipid.424,PC (p-40:3) or PC (o-40:4),CCCCCCCCCCCCCCCCCCCCOC[C@H](COP(=O)([O-])OCC[N+](C)(C)C)OC(=O)CCC/C=C\C/C=C\C/C=C\C/C=C\CCCCC,52923852
UCD.Lipid.425,PC (p-40:4) or PC (o-40:5),CCCCCCCCCCCCCCCCCC/C=C\OC[C@H](COP(=O)([O-])OCC[N+](C)(C)C)OC(=O)CCC/C=C\C/C=C\C/C=C\C/C=C\CCCCC,52924022
UCD.Lipid.426,PC (p-42:4) or PC (o-42:5),CCCCCCCCCCCCCCCCCC/C=C\OC[C@H](COP(=O)([O-])OCC[N+](C)(C)C)OC(=O)CCCCC/C=C\C/C=C\C/C=C\C/C=C\CCCCC,52924034
UCD.Lipid.427,PC (p-42:5) or PC (o-42:6),CCCCC/C=C\C/C=C\C/C=C\CCCCCCCCCOC[C@H](COP(=O)([O-])OCC[N+](C)(C)C)OC(=O)CCCCCCCC/C=C\C/C=C\C/C=C\CCCCC,53481769
UCD.Lipid.428,PC (p-44:4) or PC (o-44:5),CCCCC/C=C\C/C=C\CCCCCCCCCCCCOC[C@H](COP(=O)([O-])OCC[N+](C)(C)C)OC(=O)CCCCCCCC/C=C\C/C=C\C/C=C\CCCCC,53481767
UCD.Lipid.429,PE (34:1),CCCCCCCCCCCCCCCC(=O)OC[C@H](COP(=O)(O)OCCN)OC(=O)CCCCCCC/C=C\CCCCCCCC,5283496
UCD.Lipid.430,PE (34:2),CCCCCCCCCCCCCCCC(=O)OC[C@H](COP(=O)(O)OCCN)OC(=O)CCCCCCC/C=C\C/C=C\CCCCC,9546747
UCD.Lipid.431,PE (36:1),CCCCCCCCCCCCCCCCCC(=O)OCC(COP(=O)(O)OCCN)OC(=O)CCCCCCC/C=C\CCCCCCCC,9546734
UCD.Lipid.432,PE (36:2),CCCCCCCC/C=C\CCCCCCCC(=O)OCC(COP(=O)(O)OCCN)OC(=O)CCCCCCC/C=C\CCCCCCCC,6437392
UCD.Lipid.433,PE (36:3),CCCCCCCC/C=C\CCCCCCCC(=O)O[C@H](COC(=O)CCCCCCC/C=C\C/C=C\CCCCC)COP(=O)(O)OCCN,52924364
UCD.Lipid.434,PE (38:2),CCCCCCCCCCCCCCCCCCCC(=O)OC[C@H](COP(=O)(O)OCCN)OC(=O)CCCCCCC/C=C\C/C=C\CCCCC,9546825
UCD.Lipid.435,PE (38:4) B,CCCCCCCCCCCCCCCCCC(=O)OC[C@H](COP(=O)(O)OCCN)OC(=O)CCC/C=C\C/C=C\C/C=C\C/C=C\CCCCC,5289133
UCD.Lipid.436,PE (38:6),CCCCC/C=C\C/C=C\CCCCCCCC(=O)OC[C@H](COP(=O)(O)OCCN)OC(=O)CCC/C=C\C/C=C\C/C=C\C/C=C\CCCCC,52924893
UCD.Lipid.437,PE (40:6),CCCCC/C=C\C/C=C\CCCCCCCC(=O)OC[C@H](COP(=O)(O)OCCN)OC(=O)CCCCC/C=C\C/C=C\C/C=C\C/C=C\CCCCC,52924379
UCD.Lipid.438,PE (p-34:2) or PE (o-34:3),CCCCCCCC/C=C\CCCCCC/C=C\OC[C@H](COP(=O)(O)OCCN)OC(=O)CCCCCCC/C=C\CCCCCC,53480894
UCD.Lipid.439,PE (p-36:1) or PE (o-36:2),CCCCCCCCCCCCCCCCCC(=O)O[C@H](CO/C=C\CCCCCC/C=C\CCCCCCCC)COP(=O)(O)OCCN,53480895
UCD.Lipid.440,PE (p-36:2) or PE (o-36:3),CCCCCCCCCCCCCCCC/C=C\OC[C@H](COP(=O)(O)OCCN)OC(=O)CCCCCCC/C=C\C/C=C\CCCCC,52925079
UCD.Lipid.441,PE (p-36:4) or PE (o-36:5),CCCCCCCCCCCCCC/C=C\OC[C@H](COP(=O)(O)OCCN)OC(=O)CCC/C=C\C/C=C\C/C=C\C/C=C\CCCCC,52925126
UCD.Lipid.442,PE (p-36:5) or PE (o-36:6),CCCCCCCCCCCCCC/C=C\OC[C@H](COP(=O)(O)OCCN)OC(=O)CCC/C=C\C/C=C\C/C=C\C/C=C\C/C=C\CC,52925061
UCD.Lipid.443,PE (p-38:2) or PE (o-38:3),CCCCCCCCCCCCCCCCCCOC[C@H](COP(=O)(O)OCCN)OC(=O)CCCCCC/C=C\C/C=C\C/C=C\CCCCC,52924991
UCD.Lipid.444,PE (p-38:3) or PE (o-38:4),CCCCCCCCCCCCCCCCOC[C@H](COP(=O)(O)OCCN)OC(=O)CCCCC/C=C\C/C=C\C/C=C\C/C=C\CCCCC,52924972
UCD.Lipid.445,PE (p-38:4) or PE (o-38:5),CCCCCCCCCCCCCCCC/C=C\OC[C@H](COP(=O)(O)OCCN)OC(=O)CCC/C=C\C/C=C\C/C=C\C/C=C\CCCCC,9547058
UCD.Lipid.446,PE (p-38:5) or PE (o-38:6),CCCCCCCCCCCCCCCC/C=C\OC[C@H](COP(=O)(O)OCCN)OC(=O)CCC/C=C\C/C=C\C/C=C\C/C=C\C/C=C\CC,52925089
UCD.Lipid.447,PE (p-38:6) or PE (o-38:7),CCCCCCCCCCCCCC/C=C\OC[C@H](COP(=O)(O)OCCN)OC(=O)CC/C=C\C/C=C\C/C=C\C/C=C\C/C=C\C/C=C\CC,5283497
UCD.Lipid.448,PE (p-40:4) or PE (o-40:5),CCCCCCCCCCCCCCCCCC/C=C\OC[C@H](COP(=O)(O)OCCN)OC(=O)CCC/C=C\C/C=C\C/C=C\C/C=C\CCCCC,52925118
UCD.Lipid.449,PE (p-40:5) or PE (o-40:6),CCCCCC/C=C\CCCCCCCC/C=C\OC[C@H](COP(=O)(O)OCCN)OC(=O)CCCCC/C=C\C/C=C\C/C=C\C/C=C\CCCCC,53480884
UCD.Lipid.450,PE (p-40:6) or PE (o-40:7),CCCCCCCCCCCCCCCC/C=C\OC[C@H](COP(=O)(O)OCCN)OC(=O)CC/C=C\C/C=C\C/C=C\C/C=C\C/C=C\C/C=C\CC,42607458
UCD.Lipid.451,PE (p-40:7) or PE (o-40:8),CCCCCCCC/C=C\CCCCCC/C=C\OC[C@H](COP(=O)(O)OCCN)OC(=O)CC/C=C\C/C=C\C/C=C\C/C=C\C/C=C\C/C=C\CC,52925039
UCD.Lipid.452,PI (32:1),CCCCCCCCCCCCCCCC(=O)O[C@H](COC(=O)CCCCCCC/C=C\CCCCCC)COP(=O)(O)OC1C([C@@H](C(C(C1O)O)O)O)O,52927628
UCD.Lipid.453,PI (34:1),CCCCCCCCCCCCCCCC(=O)OCC(COP(=O)(O)OC1C(C(C(C(C1O)O)O)O)O)OC(=O)CCCCCCCC=CCCCCCCCC,17754123
UCD.Lipid.454,PI (34:2),CCCCCCCCCCCCCCCC(=O)O[C@H](COC(=O)CCCCCCC/C=C\C/C=C\CCCCC)COP(=O)(O)OC1C([C@@H](C(C(C1O)O)O)O)O,52928300
UCD.Lipid.455,PI (36:1),CCCCCCCCCCCCCCCCCC(=O)OC[C@H](COP(=O)(O)OC1C([C@@H](C(C(C1O)O)O)O)O)OC(=O)CCCCCCC/C=C\CCCCCCCC,52928410
UCD.Lipid.456,PI (36:2),CCCCCCCCCCCCCCCCCC(=O)OC[C@H](COP(=O)(O)OC1[C@@H]([C@H](C([C@H]([C@H]1O)O)O)O)O)OC(=O)CCCCCCC/C=C\C/C=C\CCCCC,86289142
UCD.Lipid.457,PI (36:3),CCCCCCCCCCCCCCCC(=O)O[C@H](COC(=O)CCCCCC/C=C\C/C=C\C/C=C\CCCCC)COP(=O)(O)OC1C([C@@H](C(C(C1O)O)O)O)O,52928016
UCD.Lipid.458,PI (36:4),CCCCCC/C=C\CCCCCCCC(=O)OC[C@H](COP(=O)([O-])OC1[C@@H]([C@H](C([C@H]([C@H]1O)O)O)O)O)OC(=O)CCCCCCC/C=C\C/C=C\C/C=C\CC,102515489
UCD.Lipid.459,PI (38:3),CCCCCCCC/C=C\CCCCCCCCCC(=O)O[C@H](COC(=O)CCCCCCC/C=C\C/C=C\CCCCC)COP(=O)(O)OC1C([C@@H](C(C(C1O)O)O)O)O,52927778
UCD.Lipid.460,PI (38:4),CCCCCCCCCCCCCCCCCC(=O)OC[C@H](COP(=O)(O)OC1C([C@@H](C(C(C1O)O)O)O)O)OC(=O)CCC/C=C\C/C=C\C/C=C\C/C=C\CCCCC,42607491
UCD.Lipid.461,PI (38:5),CCCCCCCC/C=C\CCCCCCCC(=O)O[C@H](COC(=O)CCC/C=C\C/C=C\C/C=C\C/C=C\CCCCC)COP(=O)(O)OC1C([C@@H](C(C(C1O)O)O)O)O,52928052
UCD.Lipid.462,PI (40:6),CCCCCCCCCCCCCCCCCC(=O)O[C@H](COC(=O)CC/C=C\C/C=C\C/C=C\C/C=C\C/C=C\C/C=C\CC)COP(=O)(O)OC1C([C@@H](C(C(C1O)O)O)O)O,52928249
UCD.Lipid.463,SM (d32:0),CCCCCCCCCCCCCCC[C@H]([C@H](COP(=O)([O-])OCC[N+](C)(C)C)NC(=O)CCCCCCCCCCCCC)O,44260138
UCD.Lipid.464,SM (d32:1),CCCCCCCCCCCCC/C=C/[C@H]([C@H](COP(=O)([O-])OCC[N+](C)(C)C)NC(=O)CCCCCCCCCCCCC)O,11433862
UCD.Lipid.465,SM (d32:2),CCCCCCCCCCCCCC(=O)N[C@@H](COP(=O)([O-])OCC[N+](C)(C)C)[C@@H](/C=C/CCCCCCCC/C=C\CCC)O,52931131
UCD.Lipid.466,SM (d33:1),CCCCCCCCCCCCCCC(=O)N[C@@H](COP(=O)([O-])OCC[N+](C)(C)C)[C@@H](/C=C/CCCCCCCCCCCCC)O,52931139
UCD.Lipid.467,SM (d34:1),CCCCCCCCCCCCCCCC(=O)N[C@@H](COP(=O)([O-])OCC[N+](C)(C)C)[C@@H](/C=C/CCCCCCCCCCCCC)O,9939941
UCD.Lipid.468,SM (d34:2),CCCCCCCCCCCCCCCC(=O)N[C@@H](COP(=O)([O-])OCC[N+](C)(C)C)[C@@H](/C=C/CCCCCCCC/C=C\CCC)O,52931235
UCD.Lipid.469,SM (d36:0),CCCCCCCCCCCCCCCCCC(=O)N[C@@H](COP(=O)([O-])OCC[N+](C)(C)C)[C@@H](CCCCCCCCCCCCCCC)O,44260130
UCD.Lipid.470,SM (d36:1),CCCCCCCCCCCCCCCCCC(=O)N[C@@H](COP(=O)([O-])OCC[N+](C)(C)C)[C@@H](/C=C/CCCCCCCCCCCCC)O,6453725
UCD.Lipid.471,SM (d36:2),CCCCCCCCCCCCC/C=C/[C@H]([C@H](COP(=O)([O-])OCC[N+](C)(C)C)NC(=O)CCCCCCC/C=C\CCCCCCCC)O,6443882
UCD.Lipid.472,SM (d36:3),CCCCCCCC/C=C\CCCCCCCC(=O)N[C@@H](COP(=O)([O-])OCC[N+](C)(C)C)[C@@H](/C=C/CCCCCCCC/C=C\CCC)O,52931155
UCD.Lipid.473,SM (d37:1),CCCCCCCCCCCCCCCCCCC(=O)N[C@@H](COP(=O)([O-])OCC[N+](C)(C)C)[C@@H](/C=C/CCCCCCCCCCCCC)O,52931171
UCD.Lipid.474,SM (d38:0),CCCCCCCCCCCCCCCCCCCC(=O)N[C@@H](COP(=O)([O-])OCC[N+](C)(C)C)[C@@H](CCCCCCCCCCCCCCC)O,44260131
UCD.Lipid.475,SM (d38:1),CCCCCCCCCCCCCCCCCCCC(=O)N[C@@H](COP(=O)([O-])OCC[N+](C)(C)C)[C@@H](/C=C/CCCCCCCCCCCCC)O,44260124
UCD.Lipid.476,SM (d38:2),CCCCCCCCCCCCC/C=C/[C@H]([C@H](COP(=O)([O-])OCC[N+](C)(C)C)NC(=O)CCCCCCCCC/C=C\CCCCCCCC)O,52931179
UCD.Lipid.477,SM (d39:1),CCCCCCCCCCCCCCCCCCCCC(=O)N[C@@H](COP(=O)([O-])OCC[N+](C)(C)C)[C@@H](/C=C/CCCCCCCCCCCCC)O,52931193
UCD.Lipid.478,SM (d39:2),CCCCCCCCCCCCCCCCCCCCC(=O)N[C@@H](COP(=O)([O-])OCC[N+](C)(C)C)[C@@H](/C=C/CCCCCCCC/C=C\CCC)O,52931187
UCD.Lipid.479,SM (d40:0),CCCCCCCCCCCCCCCCCCCCCC(=O)N[C@@H](COP(=O)([O-])OCC[N+](C)(C)C)[C@@H](CCCCCCCCCCCCCCC)O,44260132
UCD.Lipid.480,SM (d40:1),CCCCCCCCCCCCCCCCCCCCCC(=O)N[C@@H](COP(=O)([O-])OCC[N+](C)(C)C)[C@@H](/C=C/CCCCCCCCCCCCC)O,44260125
UCD.Lipid.481,SM (d40:2) A,CCCCCCCCCCC/C=C/[C@H]([C@H](COP(=O)([O-])OCC[N+](C)(C)C)NC(=O)CCCCCCCCCCCCC/C=C\CCCCCCCC)O,52931201
UCD.Lipid.482,SM (d40:2) B,CCCCCCCCCCCCC/C=C/[C@H]([C@H](COP(=O)([O-])OCC[N+](C)(C)C)NC(=O)CCCCCCCCCCC/C=C\CCCCCCCC)O,52931203
UCD.Lipid.483,SM (d40:3),CCCCCCCC/C=C\CCCCCCCCCCCC(=O)N[C@@H](COP(=O)([O-])OCC[N+](C)(C)C)[C@@H](/C=C/CCCCCCCC/C=C\CCC)O,52931199
UCD.Lipid.484,SM (d41:1),CCCCCCCCCCCCCCCCCCCCCCC(=O)N[C@@H](COP(=O)([O-])OCC[N+](C)(C)C)[C@@H](/C=C/CCCCCCCCCCCCC)O,46891684
UCD.Lipid.485,SM (d41:2),CCCCCCCCCCCCCCCCCCCCCCC(=O)N[C@@H](COP(=O)([O-])OCC[N+](C)(C)C)[C@@H](/C=C/CCCCCCCC/C=C\CCC)O,52931209
UCD.Lipid.486,SM (d42:0),CCCCCCCCCCCCCCCCCCCCCCCC(=O)N[C@@H](COP(=O)([O-])OCC[N+](C)(C)C)[C@@H](CCCCCCCCCCCCCCC)O,44260134
UCD.Lipid.487,SM (d42:1),CCCCCCCCCCCCCCCCCCCCCCCC(=O)N[C@@H](COP(=O)([O-])OCC[N+](C)(C)C)[C@@H](/C=C/CCCCCCCCCCCCC)O,44260127
UCD.Lipid.488,SM (d42:2) A,CCCCCCCCCCCCCCCCCCCCCCCC(=O)N[C@@H](COP(=O)([O-])OCC[N+](C)(C)C)[C@@H](/C=C/CCCCCCCC/C=C\CCC)O,52931217
UCD.Lipid.489,SM (d42:3),CCCCCCCC/C=C\CCCCCCCCCCCCCC(=O)N[C@@H](COP(=O)([O-])OCC[N+](C)(C)C)[C@@H](/C=C/CCCCCCCC/C=C\CCC)O,52931215
UCD.Lipid.490,SM (d43:1),CCCCCCCCCCCCCCCC[C@H]([C@H](COP(=O)([O-])OCC[N+](C)(C)C)NC(=O)CCCCCCCCCCCCC/C=C\CCCCCCCC)O,52931225
UCD.Lipid.491,SM (d43:2),CCCCCCCCCCCCCCCCCCCCCCCCC(=O)N[C@@H](COP(=O)([O-])OCC[N+](C)(C)C)[C@@H](/C=C/CCCCCCCC/C=C\CCC)O,52931221
UCD.Lipid.492,SM (d44:2),CCCCCCCCCCCCC/C=C/[C@H]([C@H](COP(=O)([O-])OCC[N+](C)(C)C)NC(=O)CCCCCCCCCCCCCCC/C=C\CCCCCCCC)O,44260128
UCD.Lipid.493,FA (11:0),CCCCCCCCCCC(=O)O,8180
UCD.Lipid.494,FA (12:0),CCCCCCCCCCCC(=O)O,3893
UCD.Lipid.495,FA (13:0),CCCCCCCCCCCCC(=O)O,12530
UCD.Lipid.496,FA (14:0),CCCCCCCCCCCCCC(=O)O,11005
UCD.Lipid.497,FA (14:1),CCCCCCCC/C=C\CCCC(=O)O,5312400
UCD.Lipid.498,FA (15:0),CCCCCCCCCCCCCCC(=O)O,13849
UCD.Lipid.499,FA (15:1),CCCCC/C=C/CCCCCCCC(=O)O,6365140
UCD.Lipid.500,FA (16:0),CCCCCCCCCCCCCCCC(=O)O,985
UCD.Lipid.501,FA (16:1),CCCCCC/C=C\CCCCCCCC(=O)O,445638
UCD.Lipid.502,FA (17:0),CCCCCCCCCCCCCCCCC(=O)O,10465
UCD.Lipid.503,FA (17:1),CCCCCCC/C=C/CCCCCCCC(=O)O,5312440
UCD.Lipid.504,FA (18:0),CCCCCCCCCCCCCCCCCC(=O)O,5281
UCD.Lipid.505,FA (18:1),CCCCCCCC/C=C\CCCCCCCC(=O)O,445639
UCD.Lipid.506,FA (18:2),CCCCCC/C=C/C=C/CCCCCCCC(=O)O,5282796
UCD.Lipid.507,FA (18:3),CC/C=C\C/C=C\C/C=C\CCCCCCCC(=O)O,5280934
UCD.Lipid.508,FA (20:0),CCCCCCCCCCCCCCCCCCCC(=O)O,10467
UCD.Lipid.509,FA (20:1),CCCCCCCC/C=C\CCCCCCCCCC(=O)O,5282768
UCD.Lipid.510,FA (20:2),CCCCC/C=C\C/C=C\CCCCCCCCCC(=O)O,6439848
UCD.Lipid.511,FA (20:3),CC/C=C\C/C=C\C/C=C\CCCCCCCCCC(=O)O,5312529
UCD.Lipid.512,FA (20:4),CCCCC/C=C\C/C=C\C/C=C\C/C=C\CCCC(=O)O,444899
UCD.Lipid.513,FA (20:5),CC/C=C\C/C=C\C/C=C\C/C=C\C/C=C\CCCC(=O)O,446284
UCD.Lipid.514,FA (22:0),CCCCCCCCCCCCCCCCCCCCCC(=O)O,8215
UCD.Lipid.515,FA (22:1),CCCCCCCC/C=C\CCCCCCCCCCCC(=O)O,5281116
UCD.Lipid.516,FA (22:2),CCCCC/C=C/C/C=C/CCCCCCCCCCCC(=O)O,5282807
UCD.Lipid.517,FA (22:6),CC/C=C\C/C=C\C/C=C\C/C=C\C/C=C\C/C=C\CCC(=O)O,445580
UCD.Lipid.518,FA (24:0),CCCCCCCCCCCCCCCCCCCCCCCC(=O)O,11197
UCD.Lipid.519,FA (24:1),CCCCCCCC/C=C\CCCCCCCCCCCCCC(=O)O,5281120
UCD.Lipid.520,FA (26:0),CCCCCCCCCCCCCCCCCCCCCCCCCC(=O)O,10469
UCD.Lipid.521,FA (28:0),CCCCCCCCCCCCCCCCCCCCCCCCCCCC(=O)O,10470
