Order,FLDNAME,Compound Name,SMILES,Cluster
1,UCD.Lipid.1,Acylcarnitine C8:0,CCCCCCCC(=O)O[C@H](CC(=O)[O-])C[N+](C)(C)C,AC:0
2,UCD.Lipid.2,Acylcarnitine C8:1,CCCCC/C=C/C(=O)O[C@@H](CCC(=O)[O-])[N+](C)(C)C,AC:1-
3,UCD.Lipid.3,Acylcarnitine C10:1,C[N+](C)(C)CC(CC(=O)[O-])OC(=O)CCCCCCCC=C,AC:1-
4,UCD.Lipid.4,Acylcarnitine C12:0,CCCCCCCCCCCC(=O)O[C@H](CC(=O)[O-])C[N+](C)(C)C,AC:0
5,UCD.Lipid.5,Acylcarnitine C16:0,CCCCCCCCCCCCCCCC(=O)O[C@H](CC(=O)[O-])C[N+](C)(C)C,AC:0
6,UCD.Lipid.6,Acylcarnitine C18:0,CCCCCCCCCCCCCCCCCC(=O)OC(CC(=O)[O-])C[N+](C)(C)C,AC:0
7,UCD.Lipid.7,Acylcarnitine C18:1,CCCCCC/C=C/CCCCCCCCCC(=O)O[C@@H](CCC(=O)[O-])[N+](C)(C)C,AC:1-
8,UCD.Lipid.8,Acylcarnitine C18:2,CCCCC/C=C\C/C=C\CCCCCCCC(=O)O[C@H](CC(=O)[O-])C[N+](C)(C)C,AC:1-
9,UCD.Lipid.9,Acylcarnitine C18:3,CC/C=C\C/C=C\C/C=C\CCCCCCCC(=O)O[C@@H](CCC(=O)[O-])[N+](C)(C)C,AC:1-
10,UCD.Lipid.10,CE (16:1),CCCCCC/C=C\CCCCCCCC(=O)OC1CC[C@@]2(C3CC[C@@]4([C@H](CCC4C3CC=C2C1)[C@H](C)CCCC(C)C)C)C,CE :1-2
11,UCD.Lipid.11,CE (18:1),CCCCCCCC/C=C\CCCCCCCC(=O)O[C@H]1CC[C@@]2([C@H]3CC[C@]4([C@H]([C@@H]3CC=C2C1)CC[C@@H]4[C@H](C)CCCC(C)C)C)C,CE :1-2
12,UCD.Lipid.12,CE (18:2),CCCCC/C=C\C/C=C\CCCCCCCC(=O)O[C@H]1CC[C@@]2([C@H]3CC[C@]4([C@H]([C@@H]3CC=C2C1)CC[C@@H]4[C@H](C)CCCC(C)C)C)C,CE :1-2
13,UCD.Lipid.13,CE (18:3),CC/C=C\C/C=C\C/C=C\CCCCCCCC(=O)O[C@H]1CC[C@@]2([C@H]3CC[C@]4([C@H]([C@@H]3CC=C2C1)CC[C@@H]4[C@H](C)CCCC(C)C)C)C,CE:3-
14,UCD.Lipid.14,CE (20:3),CCCCC/C=C\C/C=C\C/C=C\CCCCCCC(=O)O[C@H]1CC[C@@]2(C3CC[C@]4(C(C3CC=C2C1)CCC4[C@H](C)CCCC(C)C)C)C,CE:3-
15,UCD.Lipid.15,CE (20:4),CCCCC/C=C\C/C=C\C/C=C\C/C=C\CCCC(=O)O[C@H]1CC[C@@]2([C@H]3CC[C@]4([C@H]([C@@H]3CC=C2C1)CC[C@@H]4[C@H](C)CCCC(C)C)C)C,CE:3-
16,UCD.Lipid.16,CE (20:5),CC/C=C\C/C=C\C/C=C\C/C=C\C/C=C\CCCC(=O)O[C@H]1CC[C@@]2(C3CC[C@]4(C(C3CC=C2C1)CCC4[C@H](C)CCCC(C)C)C)C,CE:3-
17,UCD.Lipid.17,CE (22:6),CC/C=C\C/C=C\C/C=C\C/C=C\C/C=C\C/C=C\CCC(=O)O[C@H]1CC[C@@]2([C@H]3CC[C@]4([C@H]([C@@H]3CC=C2C1)CC[C@@H]4[C@H](C)CCCC(C)C)C)C,CE:3-
18,UCD.Lipid.18,Ceramide (d18:1/23:0),CCCCCCCCCCCCCCCCCCCCCCC(=O)N[C@@H](CO)[C@@H](/C=C/CCCCCCCCCCCCC)O,CER :1
19,UCD.Lipid.19,Ceramide (d42:2),CCCCCCCCCCCCC/C=C/[C@H]([C@H](CO)NC(=O)CCCCCCCCCCCCC/C=C\CCCCCCCC)O,CER :2
20,UCD.Lipid.20,Cholesterol,C[C@H](CCCC(C)C)[C@H]1CC[C@@H]2[C@@]1(CC[C@H]3[C@H]2CC=C4[C@@]3(CC[C@@H](C4)O)C)C,
21,UCD.Lipid.21,CSH_posESI #002,#N/A,
22,UCD.Lipid.22,CSH_posESI #003,#N/A,
23,UCD.Lipid.23,CSH_posESI #004,#N/A,
24,UCD.Lipid.24,CSH_posESI #006,#N/A,
25,UCD.Lipid.25,CSH_posESI #015,#N/A,
26,UCD.Lipid.26,CSH_posESI #017,#N/A,
27,UCD.Lipid.27,CSH_posESI #022,#N/A,
28,UCD.Lipid.28,CSH_posESI #025,#N/A,
29,UCD.Lipid.29,CSH_posESI #027,#N/A,
30,UCD.Lipid.30,CSH_posESI #033,#N/A,
31,UCD.Lipid.31,CSH_posESI #034,#N/A,
32,UCD.Lipid.32,CSH_posESI #036,#N/A,
33,UCD.Lipid.33,CSH_posESI #037,#N/A,
34,UCD.Lipid.34,CSH_posESI #040,#N/A,
35,UCD.Lipid.35,CSH_posESI #041,#N/A,
36,UCD.Lipid.36,CSH_posESI #042,#N/A,
37,UCD.Lipid.37,CSH_posESI #043,#N/A,
38,UCD.Lipid.38,CSH_posESI #056,#N/A,
39,UCD.Lipid.39,CSH_posESI #057,#N/A,
40,UCD.Lipid.40,CSH_posESI #058,#N/A,
41,UCD.Lipid.41,CSH_posESI #061,#N/A,
42,UCD.Lipid.42,CSH_posESI #079,#N/A,
43,UCD.Lipid.43,CSH_posESI #081,#N/A,
44,UCD.Lipid.44,CSH_posESI #091,#N/A,
45,UCD.Lipid.45,CSH_posESI #098,#N/A,
46,UCD.Lipid.46,CSH_posESI #103,#N/A,
47,UCD.Lipid.47,CSH_posESI #104,#N/A,
48,UCD.Lipid.48,CSH_posESI #106,#N/A,
49,UCD.Lipid.49,CSH_posESI #109,#N/A,
50,UCD.Lipid.50,CSH_posESI #116,#N/A,
51,UCD.Lipid.51,CSH_posESI #117,#N/A,
52,UCD.Lipid.52,CSH_posESI #121,#N/A,
53,UCD.Lipid.53,CSH_posESI #122,#N/A,
54,UCD.Lipid.54,CSH_posESI #124,#N/A,
55,UCD.Lipid.55,CSH_posESI #125,#N/A,
56,UCD.Lipid.56,CSH_posESI #127,#N/A,
57,UCD.Lipid.57,CSH_posESI #130,#N/A,
58,UCD.Lipid.58,CSH_posESI #134,#N/A,
59,UCD.Lipid.59,CSH_posESI #137,#N/A,
60,UCD.Lipid.60,CSH_posESI #141,#N/A,
61,UCD.Lipid.61,CSH_posESI #142,#N/A,
62,UCD.Lipid.62,CSH_posESI #155,#N/A,
63,UCD.Lipid.63,CSH_posESI #156,#N/A,
64,UCD.Lipid.64,CSH_posESI #159,#N/A,
65,UCD.Lipid.65,CSH_posESI #164,#N/A,
66,UCD.Lipid.66,CSH_posESI #165,#N/A,
67,UCD.Lipid.67,CSH_posESI #168,#N/A,
68,UCD.Lipid.68,CSH_posESI #170,#N/A,
69,UCD.Lipid.69,CSH_posESI #176,#N/A,
70,UCD.Lipid.70,CSH_posESI #187,#N/A,
71,UCD.Lipid.71,CSH_posESI #192,#N/A,
72,UCD.Lipid.72,CSH_posESI #196,#N/A,
73,UCD.Lipid.73,CSH_posESI #197,#N/A,
74,UCD.Lipid.74,CSH_posESI #201,#N/A,
75,UCD.Lipid.75,CSH_posESI #203,#N/A,
76,UCD.Lipid.76,CSH_posESI #205,#N/A,
77,UCD.Lipid.77,CSH_posESI #211,#N/A,
78,UCD.Lipid.78,CSH_posESI #214,#N/A,
79,UCD.Lipid.79,CSH_posESI #215,#N/A,
80,UCD.Lipid.80,CSH_posESI #230,#N/A,
81,UCD.Lipid.81,CSH_posESI #231,#N/A,
82,UCD.Lipid.82,CSH_posESI #232,#N/A,
83,UCD.Lipid.83,CSH_posESI #270,#N/A,
84,UCD.Lipid.84,CSH_posESI #275,#N/A,
85,UCD.Lipid.85,CSH_posESI #282,#N/A,
86,UCD.Lipid.86,CSH_posESI #285,#N/A,
87,UCD.Lipid.87,CSH_posESI #286,#N/A,
88,UCD.Lipid.88,CSH_posESI #288,#N/A,
89,UCD.Lipid.89,CSH_posESI #290,#N/A,
90,UCD.Lipid.90,CSH_posESI #293,#N/A,
91,UCD.Lipid.91,CSH_posESI #296,#N/A,
92,UCD.Lipid.92,CSH_posESI #298,#N/A,
93,UCD.Lipid.93,CSH_posESI #301,#N/A,
94,UCD.Lipid.94,CSH_posESI #303,#N/A,
95,UCD.Lipid.95,CSH_posESI #304,#N/A,
96,UCD.Lipid.96,CSH_posESI #307,#N/A,
97,UCD.Lipid.97,CSH_posESI #308,#N/A,
98,UCD.Lipid.98,CSH_posESI #310,#N/A,
99,UCD.Lipid.99,CSH_posESI #336,#N/A,
100,UCD.Lipid.100,CSH_posESI #359,#N/A,
101,UCD.Lipid.101,CSH_posESI #362,#N/A,
102,UCD.Lipid.102,CSH_posESI #363,#N/A,
103,UCD.Lipid.103,CSH_posESI #364,#N/A,
104,UCD.Lipid.104,DG (32:1),CCCCCCCCCCCCCC(=O)OC[C@H](CO)OC(=O)CCCCCCC/C=C\CCCCCCCC,DG :1
105,UCD.Lipid.105,DG (34:1),CCCCCCCCCCCCCCCC(=O)OC[C@H](CO)OC(=O)CCCCCCC/C=C\CCCCCCCC,DG :1
106,UCD.Lipid.106,DG (34:2),CCCCCCCCCCCCCCCC(=O)OC[C@@H](CO)OC(=O)CCCCCCC/C=C\C/C=C\CCCCC,DG : 2-
107,UCD.Lipid.107,DG (34:3),CCCCCC/C=C\CCCCCCCC(=O)OC[C@H](CO)OC(=O)CCCCCCC/C=C\C/C=C\CCCCC,DG : 2-
108,UCD.Lipid.108,DG (36:1),CCCCCCCCCCCCCCCCCC(=O)OC[C@H](CO)OC(=O)CCCCCCC/C=C\CCCCCCCC,DG :1
109,UCD.Lipid.109,DG (36:2),CCCCCCCC/C=C\CCCCCCCC(=O)OC[C@H](CO)OC(=O)CCCCCCC/C=C\CCCCCCCC,DG : 2-
110,UCD.Lipid.110,DG (36:3),CCCCCCCC/C=C\CCCCCCCC(=O)OC[C@H](CO)OC(=O)CCCCCCC/C=C\C/C=C\CCCCC,DG : 2-
111,UCD.Lipid.111,DG (36:4),CCCCC/C=C\C/C=C\CCCCCCCC(=O)OC[C@H](CO)OC(=O)CCCCCCC/C=C\C/C=C\CCCCC,DG : 2-
112,UCD.Lipid.112,DG (36:5),CCCCC/C=C\C/C=C\CCCCCCCC(=O)OC[C@H](CO)OC(=O)CCCCCCC/C=C\C/C=C\C/C=C\CC,DG : 2-
113,UCD.Lipid.113,DG (38:0),CCCCCCCCCCCCCCCCCCCCCC(=O)OC[C@H](CO)OC(=O)CCCCCCCCCCCCCCC,DG : 2-
114,UCD.Lipid.114,DG (38:3),CCCCCCCC/C=C\CCCCCCCC(=O)OC[C@H](CO)OC(=O)CCCCCCCCC/C=C\C/C=C\CCCCC,DG : 2-
115,UCD.Lipid.115,DG (38:5),CCCCC/C=C\C/C=C\CCCCCCCCCC(=O)O[C@@H](CO)COC(=O)CCCCCCC/C=C\C/C=C\C/C=C\CC,DG : 2-
116,UCD.Lipid.116,DG (38:6),CCCCC/C=C\C/C=C\C/C=C\CCCCCCC(=O)O[C@@H](CO)COC(=O)CCCCCCC/C=C\C/C=C\C/C=C\CC,DG : 2-
117,UCD.Lipid.117,Gal-Gal-Cer(d18:1/16:0) or Lactosylceramide(d18:1/16:0),CCCCCCCCCCCCCCCC(=O)N[C@@H](CO[C@H]1[C@@H]([C@H]([C@@H]([C@H](O1)CO)O[C@H]2[C@@H]([C@H]([C@H]([C@H](O2)CO)O)O)O)O)O)[C@@H](/C=C/CCCCCCCCCCCCC)O,GlcCer :1-
118,UCD.Lipid.118,Lactosylceramide (d18:1/24:1(15Z)),CCCCCCCCCCCCC/C=C/[C@H]([C@H](CO[C@H]1C([C@H]([C@@H]([C@H](O1)CO)O[C@H]2[C@@H]([C@H]([C@H]([C@H](O2)CO)O)O)O)O)O)NC(=O)CCCCCCCCCCCCC/C=C\CCCCCCCC)O,GlcCer :1-
119,UCD.Lipid.119,LPC (14:0),CCCCCCCCCCCCCC(=O)OC[C@H](COP(=O)([O-])OCC[N+](C)(C)C)O,LPC :0
120,UCD.Lipid.120,LPC (15:0),CCCCCCCCCCCCCCC(=O)OC[C@H](COP(=O)([O-])OCC[N+](C)(C)C)O,LPC :0
121,UCD.Lipid.121,LPC (17:1),CCCCCCC/C=C\CCCCCCCC(=O)OC[C@H](COP(=O)([O-])OCC[N+](C)(C)C)O,LPC :1
122,UCD.Lipid.122,LPC (18:0),CCCCCCCCCCCCCCCCCC(=O)OC[C@H](COP(=O)([O-])OCC[N+](C)(C)C)O,LPC :0
123,UCD.Lipid.123,LPC (18:3),CC/C=C\C/C=C\C/C=C\CCCCCCCC(=O)OC[C@H](COP(=O)([O-])OCC[N+](C)(C)C)O,LPC :2 -
124,UCD.Lipid.124,LPC (20:0),CCCCCCCCCCCCCCCCCCCC(=O)OC[C@H](COP(=O)([O-])OCC[N+](C)(C)C)O,LPC :0
125,UCD.Lipid.125,LPC (20:4),CC/C=C\C/C=C\C/C=C\C/C=C\CCCCCCC(=O)OC[C@H](COP(=O)([O-])OCC[N+](C)(C)C)O,LPC :2 -
126,UCD.Lipid.126,LPC (20:5),CC/C=C\C/C=C\C/C=C\C/C=C\C/C=C\CCCC(=O)OC[C@H](COP(=O)([O-])OCC[N+](C)(C)C)O,LPC :2 -
127,UCD.Lipid.127,LPC (22:4),CCCCC/C=C\C/C=C\C/C=C\C/C=C\CCCCCC(=O)OC[C@H](COP(=O)([O-])OCC[N+](C)(C)C)O,LPC :2 -
128,UCD.Lipid.128,LPC (22:6),CC/C=C\C/C=C\C/C=C\C/C=C\C/C=C\C/C=C\CCC(=O)OC[C@H](COP(=O)([O-])OCC[N+](C)(C)C)O,LPC :2 -
129,UCD.Lipid.129,LPC (o-16:0),CCCCCCCCCCCCCCCCOC[C@@H](COP(=O)([O-])OCC[N+](C)(C)C)O,LPC :0
130,UCD.Lipid.130,LPC (p-16:0),CCCCCCCCCCCCCC/C=C\OC[C@H](COP(=O)([O-])OCC[N+](C)(C)C)O,LPC :0
131,UCD.Lipid.131,LPC (p-18:0),CCCCCCCCCCCCCCCC/C=C\OC[C@H](COP(=O)([O-])OCC[N+](C)(C)C)O,LPC :0
132,UCD.Lipid.132,PC (16:0/9:0(CHO)),CCCCCCCCCCCCCCCC(=O)OC[C@H](COP(=O)([O-])OCC[N+](C)(C)C)OC(=O)CCCCCCCC=O,PC :0
133,UCD.Lipid.133,PC (28:0),CCCCCCCCCCCCCC(=O)OC[C@H](COP(=O)([O-])OCC[N+](C)(C)C)OC(=O)CCCCCCCCCCCCC,PC :0
134,UCD.Lipid.134,PC (30:0),CCCCCCCCCCCCCCCC(=O)O[C@H](COC(=O)CCCCCCCCCCCCC)COP(=O)([O-])OCC[N+](C)(C)C,PC :0
135,UCD.Lipid.135,PC (30:1),CCCCCCCCCCCCCCCC(=O)O[C@H](COC(=O)CCCCCCC/C=C\CCCC)COP(=O)([O-])OCC[N+](C)(C)C,PC :1
136,UCD.Lipid.136,PC (31:0),CCCCCCCCCCCCCCCC(=O)OC[C@H](COP(=O)([O-])OCC[N+](C)(C)C)OC(=O)CCCCCCCCCCCCCC,PC :0
137,UCD.Lipid.137,PC (31:1),CCCCCCCCCCCCCCC(=O)OC[C@H](COP(=O)([O-])OCC[N+](C)(C)C)OC(=O)CCCCCCC/C=C\CCCCCC,PC :1
138,UCD.Lipid.138,PC (32:3),CCCCCCCCCCCCCC(=O)O[C@H](COC(=O)CCCC/C=C\C/C=C\C/C=C\CCCCC)COP(=O)([O-])OCC[N+](C)(C)C,PC :3
139,UCD.Lipid.139,PC (33:0),CCCCCCCCCCCCCCCCCC(=O)OC[C@H](COP(=O)([O-])OCC[N+](C)(C)C)OC(=O)CCCCCCCCCCCCCC,PC :0
140,UCD.Lipid.140,PC (35:3),CCCCCCCCCCCCCCCCCC(=O)O[C@H](COC(=O)CCCCCC/C=C\C/C=C\C/C=C\CCCCC)COP(=O)(O)OCCN,PC :3
141,UCD.Lipid.141,PC (36:3) B,CCCCCCCCCCCCCCCCCC(=O)OC[C@H](COP(=O)([O-])OCC[N+](C)(C)C)OC(=O)CCCCCCC/C=C\C/C=C\C/C=C\CC,PC :3
142,UCD.Lipid.142,PC (36:4) A,CCCCCCCCCCCCCCCC(=O)OC[C@H](COP(=O)([O-])OCC[N+](C)(C)C)OC(=O)CCC/C=C\C/C=C\C/C=C\C/C=C\CCCCC,PC  :4
143,UCD.Lipid.143,PC (36:6),CCCCC/C=C\C/C=C\C/C=C\CCCCC(=O)O[C@H](COC(=O)CCCCCCC/C=C\C/C=C\C/C=C\CC)COP(=O)([O-])OCC[N+](C)(C)C,PC :5-
144,UCD.Lipid.144,PC (37:3),CCCCCCCCCCCCCCCCCCC(=O)O[C@H](COC(=O)CCCCCCC/C=C\C/C=C\C/C=C\CC)COP(=O)([O-])OCC[N+](C)(C)C,PC :3
145,UCD.Lipid.145,PC (37:6),CCCCCCCCCCCCCCC(=O)OC[C@H](COP(=O)([O-])OCC[N+](C)(C)C)OC(=O)CC/C=C\C/C=C\C/C=C\C/C=C\C/C=C\C/C=C\CC,PC :5-
146,UCD.Lipid.146,PC (38:4) B,CCCCCCCCCCCCCCCCCC(=O)O[C@H](COC(=O)CCC/C=C\C/C=C\C/C=C\C/C=C\CCCCC)COP(=O)([O-])OCC[N+](C)(C)C,PC  :4
147,UCD.Lipid.147,PC (38:5) B,CCCCCC/C=C\CCCCCCCCCC(=O)O[C@H](COC(=O)CCC/C=C\C/C=C\C/C=C\C/C=C\CCCCC)COP(=O)([O-])OCC[N+](C)(C)C,PC :5-
148,UCD.Lipid.148,PC (38:6) A,CCCCC/C=C\C/C=C\CCCCCCCC(=O)O[C@H](COC(=O)CCC/C=C\C/C=C\C/C=C\C/C=C\CCCCC)COP(=O)([O-])OCC[N+](C)(C)C,PC :5-
149,UCD.Lipid.149,PC (38:7),CCCCC/C=C\C/C=C\C/C=C\CCCCC(=O)O[C@H](COC(=O)CCCCCC/C=C\C/C=C\C/C=C\C/C=C\CC)COP(=O)([O-])OCC[N+](C)(C)C,PC :5-
150,UCD.Lipid.150,PC (39:6),CCCCC/C=C\C/C=C\C/C=C\C/C=C\CCCCCC(=O)O[C@H](COC(=O)CCCCCCC/C=C\C/C=C\CCCC)COP(=O)([O-])OCC[N+](C)(C)C,PC :5-
151,UCD.Lipid.151,PC (40:5) B,CCCCCCCC/C=C\CCCCCCCCCC(=O)OC[C@H](COP(=O)([O-])OCC[N+](C)(C)C)OC(=O)CCC/C=C\C/C=C\C/C=C\C/C=C\CCCCC,PC :5-
152,UCD.Lipid.152,PC (40:6) A,CCCCC/C=C\C/C=C\CCCCCCCCCCCC(=O)OC[C@H](COP(=O)([O-])OCC[N+](C)(C)C)OC(=O)CCCC/C=C\C/C=C\C/C=C\C/C=C\CC,PC :5-
153,UCD.Lipid.153,PC (42:5),CCCCC/C=C\C/C=C\CCCCCCCCCCCC(=O)OC[C@H](COP(=O)([O-])OCC[N+](C)(C)C)OC(=O)CCCCCC/C=C\C/C=C\C/C=C\CCCCC,PC :5-
154,UCD.Lipid.154,PC (42:6),CCCCC/C=C\C/C=C\CCCCCCCCCC(=O)O[C@H](COC(=O)CCCCC/C=C\C/C=C\C/C=C\C/C=C\CCCCC)COP(=O)([O-])OCC[N+](C)(C)C,PC :5-
155,UCD.Lipid.155,PC (o-34:0),CCCCCCCCCCCCCCCCCC(=O)OC[C@H](COP(=O)([O-])OCC[N+](C)(C)C)OCCCCCCCCCCCCCCCC,p-PC :0
156,UCD.Lipid.156,PC (p-32:1) or PC (o-32:2),CCCCCCCCCCCCCC/C=C\OC[C@H](COP(=O)([O-])OCC[N+](C)(C)C)OC(=O)CCCCCCC/C=C\CCCCCC,p-PC :1
157,UCD.Lipid.157,PC (p-34:1),CCCCCCCCCCCCCCCC(=O)OC(CO/C=C\CCCCCCCC/C=C\CCCCCC)COP(=O)([O-])OCC[N+](C)(C)C,p-PC :1
158,UCD.Lipid.158,PC (p-38:2) or PC (o-38:3),CCCCCCCC/C=C\CCCCCCCCCC(=O)O[C@H](CO/C=C\CCCCCC/C=C\CCCCCCCC)COP(=O)([O-])OCC[N+](C)(C)C,p-PC :2
159,UCD.Lipid.159,PC (p-38:4),CCCCCCCC/C=C\C/C=C\C/C=C\CCCC(=O)OC(CO/C=C\CCCCCCCC/C=C\CCCCCC)COP(=O)([O-])OCC[N+](C)(C)C,p-PC :4-
160,UCD.Lipid.160,PC (p-40:1) or PC (o-40:2),CCCCCCCCCCCCCCCC/C=C\OC[C@H](COP(=O)([O-])OCC[N+](C)(C)C)OC(=O)CCCCCCCCC/C=C\CCCCCCCCCC,p-PC :1
161,UCD.Lipid.161,PC (p-40:5) or PC (o-40:6),CCCCCC/C=C\CCCCCCCC/C=C\OCC(COP(=O)([O-])OCC[N+](C)(C)C)OC(=O)CCCCC/C=C\C/C=C\C/C=C\C/C=C\CCCCC,p-PC :4-
162,UCD.Lipid.162,PC (p-40:6) or PC (o-40:7) A,CCCCCCCC/C=C\CCCCCC/C=C\OC(COC(=O)CCCCC/C=C\C/C=C\C/C=C\C/C=C\C/C=C\CC)COP(=O)([O-])OCC[N+](C)(C)C,p-PC :4-
163,UCD.Lipid.163,PC (p-40:6) or PC (o-40:7) B,CCCCCCCCCCCCCCCC/C=C\OC(COC(=O)CC/C=C\C/C=C\C/C=C\C/C=C\C/C=C\C/C=C\CC)COP(=O)([O-])OCC[N+](C)(C)C,p-PC :4-
164,UCD.Lipid.164,PC (p-40:7) or PC (o-40:8),CCCCCCCC/C=C\CCCCCC/C=C\OC[C@H](COP(=O)([O-])OCC[N+](C)(C)C)OC(=O)CC/C=C\C/C=C\C/C=C\C/C=C\C/C=C\C/C=C\CC,p-PC :4-
165,UCD.Lipid.165,PC (p-42:3) or PC (o-42:4),CCCCCCCCCCCCCCCCCCCCOC[C@H](COP(=O)([O-])OCC[N+](C)(C)C)OC(=O)CCCCC/C=C\C/C=C\C/C=C\C/C=C\CCCCC,p-PC :3
166,UCD.Lipid.166,PE (36:4),CCCCCCCCCCCCCCCC(=O)O[C@H](COC(=O)CCC/C=C\C/C=C\C/C=C\C/C=C\CCCCC)COP(=O)(O)OCCN,PE :3-
167,UCD.Lipid.167,PE (38:4),CCCCCCCCCCCCCCCCCC(=O)OC[C@H](COP(=O)(O)OCCN)OC(=O)CCC/C=C\C/C=C\C/C=C\C/C=C\CCCCC,PE :3-
168,UCD.Lipid.168,PE (p-34:1),CCCCCCCCCCCCCC/C=C\O[C@H](COC(=O)CCCCCCC/C=C\CCCCCCCC)COP(=O)(O)OCCN,p-PE :1-2
169,UCD.Lipid.169,SM (d30:1),CCCCCCCCCCCCC/C=C/[C@H]([C@H](COP(=O)([O-])OCC[N+](C)(C)C)NC(=O)CCCCCCCCCCC)O,SM :1-2
170,UCD.Lipid.170,SM (d34:0),CCCCCCCCCCCCCCC[C@H]([C@H](COP(=O)([O-])OCC[N+](C)(C)C)NC(=O)CCCCCCCCCCCCCCC)O,SM :0
171,UCD.Lipid.171,SM (d40:2),CCCCCCCCCCC/C=C/[C@H]([C@H](COP(=O)([O-])OCC[N+](C)(C)C)NC(=O)CCCCCCCCCCCCC/C=C\CCCCCCCC)O,SM :1-2
172,UCD.Lipid.172,SM (d42:2),CCCCCCCCCCCCCCCCCCCCCCCC(=O)N[C@@H](COP(=O)([O-])OCC[N+](C)(C)C)[C@@H](/C=C/CCCCCCCC/C=C\CCC)O,SM :1-2
173,UCD.Lipid.173,TG (14:0/14:0/14:0),CCCCCCCCCCCCCC(=O)OCC(COC(=O)CCCCCCCCCCCCC)OC(=O)CCCCCCCCCCCCC,TG : 0
174,UCD.Lipid.174,TG (40:0),CCCCCCCCCCCCCCCC(=O)OC[C@@H](COC(=O)CCCCCCCCCCC)OC(=O)CCCCCCCCCCC,TG : 0
175,UCD.Lipid.175,TG (40:1),CCCCCCCCCCCC(=O)OC[C@H](COC(=O)CCCCCCC/C=C\CCCCCC)OC(=O)CCCCCCCCCCC,TG :1
176,UCD.Lipid.176,TG (42:1),CCCCCCCCCCCCCC(=O)O[C@H](COC(=O)CCCCCCCCCCC)COC(=O)CCCCCCC/C=C\CCCCCC,TG :1
177,UCD.Lipid.177,TG (42:2),CCCCCCCCCCCC(=O)OC[C@H](COC(=O)CCCCCCC/C=C\CCCCCC)OC(=O)CCCCCCC/C=C\CCCC,TG :2
178,UCD.Lipid.178,TG (42:3),CCCC/C=C\CCCCCCCC(=O)OCC(OC(=O)CCCCCCC/C=C\CCCC)COC(=O)CCCCCCC/C=C\CCCC,TG: 3
179,UCD.Lipid.179,TG (44:0),CCCCCCCCCCCCCCCC(=O)OC(COC(=O)CCCCCCCCCCCCC)COC(=O)CCCCCCCCCCCCC,TG : 0
180,UCD.Lipid.180,TG (44:1),CCCCCCCCCCCCCCCC(=O)O[C@H](COC(=O)CCCCCCCCCCC)COC(=O)CCCCCCC/C=C\CCCCCC,TG :1
181,UCD.Lipid.181,TG (44:2),CCCCCCCCCCCC(=O)OC[C@H](COC(=O)CCCCCCC/C=C\CCCCCC)OC(=O)CCCCCCC/C=C\CCCCCC,TG :2
182,UCD.Lipid.182,TG (46:0),CCCCCCCCCCCCCCCC(=O)OCC(COC(=O)CCCCCCCCCCCCC)OC(=O)CCCCCCCCCCCCCCC,TG : 0
183,UCD.Lipid.183,TG (46:1),CCCCCCCCCCCCCC(=O)OCC(COC(=O)CCCCCCC/C=C\CCCCCCCC)OC(=O)CCCCCCCCCCCCC,TG :1
184,UCD.Lipid.184,TG (46:2),CCCCCCCCCCCCCC(=O)OC[C@H](COC(=O)CCCCCCC/C=C\CCCCCC)OC(=O)CCCCCCC/C=C\CCCCCC,TG :2
185,UCD.Lipid.185,TG (46:3),CCCCCCCCCCCC(=O)OC[C@H](COC(=O)CCCCCCC/C=C\C/C=C\CCCCC)OC(=O)CCCCCCC/C=C\CCCCCC,TG: 3
186,UCD.Lipid.186,TG (46:4) A,CCCCCCCCCCCCCCCCCCCCC(=O)OC[C@H](COC(=O)CCCCC/C=C\C/C=C\C/C=C\C/C=C\CCCCC)OC(=O)CCCCCCCCCCCCCCCCCCCC,TG :4
187,UCD.Lipid.187,TG (48:0),CCCCCCCCCCCCCCCC(=O)OCC(COC(=O)CCCCCCCCCCCCCCC)OC(=O)CCCCCCCCCCCCCCC,TG : 0
188,UCD.Lipid.188,TG (48:1),CCCCCCCCCCCCCCCC(=O)OC[C@H](COC(=O)CCCCCCC/C=C\CCCCCC)OC(=O)CCCCCCCCCCCCCCC,TG :1
189,UCD.Lipid.189,TG (48:2),CCCCCCCCCCCCCCCC(=O)OC[C@H](COC(=O)CCCCCCC/C=C\CCCCCC)OC(=O)CCCCCCC/C=C\CCCCCC,TG :2
190,UCD.Lipid.190,TG (48:3),CCCCCC/C=C\CCCCCCCC(=O)OCC(OC(=O)CCCCCCC/C=C\CCCCCC)COC(=O)CCCCCCC/C=C\CCCCCC,TG: 3
191,UCD.Lipid.191,TG (48:4),CCCCCCCCCCCCCC(=O)OC[C@H](COC(=O)CCCCCC/C=C\C/C=C\C/C=C\CCCCC)OC(=O)CCCCCCC/C=C\CCCC,TG :4
192,UCD.Lipid.192,TG (49:0),CCCCCCCCCCCCCCCCC(=O)OC[C@@H](COC(=O)CCCCCCCCCCCCCCC)OC(=O)CCCCCCCCCCCCCCC,TG : 0
193,UCD.Lipid.193,TG (49:1),CCCCCCCCCCCCCCCC(=O)OC[C@H](COC(=O)CCCCCCC/C=C\CCCCCCC)OC(=O)CCCCCCCCCCCCCCC,TG :1
194,UCD.Lipid.194,TG (49:2),CCCCCCCCCCCCCCCCC(=O)OC[C@@H](COC(=O)CCCCCCC/C=C\CCCCCC)OC(=O)CCCCCCC/C=C\CCCCCC,TG :2
195,UCD.Lipid.195,TG (49:3),CCCCCCCCCCCCCC(=O)OC[C@H](COC(=O)CCCCCCC/C=C\C/C=C\CCCCC)OC(=O)CCCCCCC/C=C\CCCCCCC,TG: 3
196,UCD.Lipid.196,TG (50:0),CCCCCCCCCCCCCCCCCC(=O)OCC(COC(=O)CCCCCCCCCCCCCCCCC)OC(=O)CCCCCCCCCCCCC,TG : 0
197,UCD.Lipid.197,TG (50:1),CCCCCCCCCCCCCCCC(=O)OC[C@H](COC(=O)CCCCCCC/C=C\CCCCCCCC)OC(=O)CCCCCCCCCCCCCCC,TG :1
198,UCD.Lipid.198,TG (50:2),CCCCCCCCCCCCCCCCCC(=O)OC[C@@H](COC(=O)CCCCCCC/C=C\CCCCCC)OC(=O)CCCCCCC/C=C\CCCCCC,TG :2
199,UCD.Lipid.199,TG (50:3),CCCCCCCC/C=C\CCCCCCCC(=O)OC[C@@H](COC(=O)CCCCCCC/C=C\CCCCCC)OC(=O)CCCCCCC/C=C\CCCCCC,TG: 3
200,UCD.Lipid.200,TG (50:4),CCCCCC/C=C\CCCCCCCC(=O)OC[C@H](COC(=O)CCCCCCC/C=C\C/C=C\CCCCC)OC(=O)CCCCCCC/C=C\CCCCCC,TG :4
201,UCD.Lipid.201,TG (50:5),CCCCCC/C=C\CCCCCCCC(=O)OC[C@H](COC(=O)CCCCCCC/C=C\C/C=C\C/C=C\CC)OC(=O)CCCCCCC/C=C\CCCCCC,TG : 5
202,UCD.Lipid.202,TG (50:6),CCCCCCCCCCCCCC(=O)OC(COC(=O)CCCCCCC/C=C\C/C=C\C/C=C\CC)COC(=O)CCCCCCC/C=C\C/C=C\C/C=C\CC,TG :6
203,UCD.Lipid.203,TG (51:1),CCCCCCCCCCCCCCCCC(=O)OC[C@H](COC(=O)CCCCCCC/C=C\CCCCCCC)OC(=O)CCCCCCCCCCCCCCCC,TG :1
204,UCD.Lipid.204,TG (51:2),CCCCCCCCCCCCCCCCC(=O)OC[C@H](COC(=O)CCCCCCC/C=C\CCCCCCC)OC(=O)CCCCCCC/C=C\CCCCCCC,TG :2
205,UCD.Lipid.205,TG (51:3),CCCCCCC/C=C\CCCCCCCC(=O)OCC(OC(=O)CCCCCCC/C=C\CCCCCCC)COC(=O)CCCCCCC/C=C\CCCCCCC,TG: 3
206,UCD.Lipid.206,TG (51:4),CCCCCCCC/C=C\CCCCCCCC(=O)OC[C@@H](COC(=O)CCCCCCC/C=C\CCCCCC)OC(=O)CCCCCCC/C=C\C/C=C\CCCC,TG :4
207,UCD.Lipid.207,TG (51:5),CCCCCCCC/C=C\CCCCCCCC(=O)OC[C@@H](COC(=O)CCCCCCC/C=C\CCCCCC)OC(=O)CCCCCCC/C=C\C/C=C\CCCC,TG : 5
208,UCD.Lipid.208,TG (52:0),CCCCCCCCCCCCCCCCCC(=O)OC[C@@H](COC(=O)CCCCCCCCCCCCCCC)OC(=O)CCCCCCCCCCCCCCCCC,TG : 0
209,UCD.Lipid.209,TG (52:1),CCCCCCCCCCCCCCCCCC(=O)OC(COC(=O)CCCCCCCCCCCCCCC)COC(=O)CCCCCCC/C=C\CCCCCCCC,TG :1
210,UCD.Lipid.210,TG (52:2),CCCCCCCCCCCCCCCCCCCC(=O)OC[C@@H](COC(=O)CCCCCCCCCCCCC)OC(=O)CCCCCCC/C=C\C/C=C\CCCCC,TG :2
211,UCD.Lipid.211,TG (52:3),CCCCCCCCCCCCCC(=O)OC[C@H](COC(=O)CCCCCCCCC/C=C\CCCCCCCC)OC(=O)CCCCCCC/C=C\C/C=C\CCCCC,TG: 3
212,UCD.Lipid.212,TG (52:4),CCCCCCCC/C=C\CCCCCCCC(=O)O[C@H](COC(=O)CCCCCCC/C=C\CCCCCC)COC(=O)CCCCCCC/C=C\C/C=C\CCCCC,TG :4
213,UCD.Lipid.213,TG (52:5),CCCCCC/C=C\CCCCCCCC(=O)OC[C@H](COC(=O)CCCCCCC/C=C\C/C=C\CCCCC)OC(=O)CCCCCCC/C=C\C/C=C\CCCCC,TG : 5
214,UCD.Lipid.214,TG (52:6),CCCCCCCCCCCCCC(=O)OC[C@H](COC(=O)CCC/C=C\C/C=C\C/C=C\C/C=C\CCCCC)OC(=O)CCCCCCC/C=C\C/C=C\CCCCC,TG :6
215,UCD.Lipid.215,TG (53:1),CCCCCCCCCCCCCCCCCC(=O)OC[C@@H](COC(=O)CCCCCCC/C=C\CCCCCCC)OC(=O)CCCCCCCCCCCCCCCCC,TG :1
216,UCD.Lipid.216,TG (53:2),CCCCCCCCCCCCCCCCCC(=O)OC[C@@H](COC(=O)CCCCCCC/C=C\C/C=C\CCCC)OC(=O)CCCCCCCCCCCCCCCCC,TG :2
217,UCD.Lipid.217,TG (53:3),CCCCCCCC/C=C\CCCCCCCC(=O)OC[C@@H](COC(=O)CCCCCCC/C=C\CCCCCCC)OC(=O)CCCCCCC/C=C\CCCCCCCC,TG: 3
218,UCD.Lipid.218,TG (53:4),CCCCCCCC/C=C\CCCCCCCC(=O)OC[C@@H](COC(=O)CCCCCCC/C=C\C/C=C\CCCC)OC(=O)CCCCCCC/C=C\CCCCCCCC,TG :4
219,UCD.Lipid.219,TG (53:5),CCCCCCC/C=C\CCCCCCCC(=O)OC[C@H](COC(=O)CCCCCCC/C=C\C/C=C\CCCCC)OC(=O)CCCCCCC/C=C\C/C=C\CCCCC,TG : 5
220,UCD.Lipid.220,TG (54:0),CCCCCCCCCCCCCCCCCC(=O)OC[C@H](COC(=O)CCCCCCC/C=C\CCCCCCCC)OC(=O)CCCCCCCCCCCCCCCCC,TG : 0
221,UCD.Lipid.221,TG (54:1),CCCCCCCCCCCCCCCCCC(=O)OC[C@H](COC(=O)CCCCCCC/C=C\CCCCCCCC)OC(=O)CCCCCCCCCCCCCCCCC,TG :1
222,UCD.Lipid.222,TG (54:2),CCCCCCCCCCCCCCCCCCCCCC(=O)OC[C@@H](COC(=O)CCCCCCCCCCCCC)OC(=O)CCCCCCC/C=C\C/C=C\CCCCC,TG :2
223,UCD.Lipid.223,TG (54:3),CCCCCCCC/C=C\CCCCCCCC(=O)OCC(OC(=O)CCCCCCC/C=C\CCCCCCCC)COC(=O)CCCCCCC/C=C\CCCCCCCC,TG: 3
224,UCD.Lipid.224,TG (54:4),CCCCCCCCCCCCCCCCCC(=O)OC[C@H](COC(=O)CCCCCCC/C=C\C/C=C\C/C=C\CC)OC(=O)CCCCCCC/C=C\CCCCCCCC,TG :4
225,UCD.Lipid.225,TG (54:5),CCCCCCCC/C=C\CCCCCCCC(=O)OC[C@H](COC(=O)CCCCCCC/C=C\C/C=C\CCCCC)OC(=O)CCCCCCC/C=C\C/C=C\CCCCC,TG : 5
226,UCD.Lipid.226,TG (54:6),CCCCC/C=C\C/C=C\CCCCCCCC(=O)OCC(OC(=O)CCCCCCC/C=C\C/C=C\CCCCC)COC(=O)CCCCCCC/C=C\C/C=C\CCCCC,TG :6
227,UCD.Lipid.227,TG (54:8),CCCCC/C=C\C/C=C\C/C=C\C/C=C\CCCC(=O)OC[C@@H](COC(=O)CCCCCCC/C=C\C/C=C\CCCC)OC(=O)CCCCCCC/C=C\C/C=C\CCCC,TG : 7-
228,UCD.Lipid.228,TG (56:1),CCCCCCCCCCCCCCCCCCCC(=O)OC[C@@H](COC(=O)CCCCCCCCCCCCCCCCC)OC(=O)CCCCCCC/C=C\CCCCCCCC,TG :1
229,UCD.Lipid.229,TG (56:2),CCCCCCCCCCCCCCCCCCCC(=O)OC[C@@H](COC(=O)CCCCCCCCCCCCCCCCC)OC(=O)CCCCCCC/C=C\C/C=C\CCCCC,TG :2
230,UCD.Lipid.230,TG (56:3),CCCCCCCC/C=C\CCCCCCCCCC(=O)OC[C@@H](COC(=O)CCCCCCC/C=C\CCCCCCCC)OC(=O)CCCCCCC/C=C\CCCCCCCC,TG: 3
231,UCD.Lipid.231,TG (56:4),CCCCCCCC/C=C\CCCCCCCCCC(=O)OC[C@@H](COC(=O)CCCCCCC/C=C\CCCCCCCC)OC(=O)CCCCCCC/C=C\C/C=C\CCCCC,TG :4
232,UCD.Lipid.232,TG (56:5),CCCCCCCC/C=C\CCCCCCCCCC(=O)OC[C@@H](COC(=O)CCCCCCC/C=C\C/C=C\CCCCC)OC(=O)CCCCCCC/C=C\C/C=C\CCCCC,TG : 5
233,UCD.Lipid.233,TG (56:6),CCCCC/C=C\C/C=C\CCCCCCCCCC(=O)OC[C@@H](COC(=O)CCCCCCC/C=C\C/C=C\CCCCC)OC(=O)CCCCCCC/C=C\C/C=C\CCCCC,TG :6
234,UCD.Lipid.234,TG (56:7),CCCCC/C=C\C/C=C\CCCCCCCC(=O)OC[C@H](COC(=O)CCCCCC/C=C\C/C=C\C/C=C\CCCCC)OC(=O)CCCCCCC/C=C\C/C=C\CCCCC,TG : 7-
235,UCD.Lipid.235,TG (56:8),CCCCCCCCCCCCCCCC(=O)OC[C@H](COC(=O)CCC/C=C\C/C=C\C/C=C\C/C=C\CCCCC)OC(=O)CCC/C=C\C/C=C\C/C=C\C/C=C\CCCCC,TG : 7-
236,UCD.Lipid.236,TG (56:9),CCCCC/C=C\C/C=C\CCCCCCCC(=O)OC[C@H](COC(=O)CCC/C=C\C/C=C\C/C=C\C/C=C\CCCCC)OC(=O)CCC/C=C\C/C=C\C/C=C\C/C=C\CCCCC,TG : 7-
237,UCD.Lipid.237,TG (57:1),CCCCCCCCCCCCCCCCCCCC(=O)OC[C@@H](COC(=O)CCCCCCCCCCCCCCCCC)OC(=O)CCCCCCC/C=C\CCCCCCCC,TG :1
238,UCD.Lipid.238,TG (57:2),CCCCCCCCCCCCCCCCCCCCCC(=O)O[C@H](COC(=O)CCCCCCCCCCCCC)COC(=O)CCCCCCCCCCC/C=C\C/C=C\CCCCC,TG :2
239,UCD.Lipid.239,TG (58:1),CCCCCCCCCCCCCCCCCCCC(=O)OC[C@@H](COC(=O)CCCCCCC/C=C\CCCCCCCC)OC(=O)CCCCCCCCCCCCCCCCCCC,TG :1
240,UCD.Lipid.240,TG (58:10),CCCCC/C=C\C/C=C\CCCCCCCC(=O)OC[C@H](COC(=O)CCC/C=C\C/C=C\C/C=C\C/C=C\CCCCC)OC(=O)CCC/C=C\C/C=C\C/C=C\C/C=C\CCCCC,TG : 7-
241,UCD.Lipid.241,TG (58:2),CCCCCCCCCCCCCCCCCCCCCC(=O)O[C@H](COC(=O)CCCCCCCCCCCCC)COC(=O)CCCCCCCCCCC/C=C\C/C=C\CCCCC,TG :2
242,UCD.Lipid.242,TG (58:3),CCCCCCCC/C=C\CCCCCCCCCC(=O)OC[C@@H](COC(=O)CCCCCCC/C=C\CCCCCCCC)OC(=O)CCCCCCCCC/C=C\CCCCCCCC,TG: 3
243,UCD.Lipid.243,TG (58:4),CCCCCCCCCCCCCCCCCCCC(=O)O[C@H](COC(=O)CCCCCCCCCCCCCCCCC)COC(=O)CCC/C=C\C/C=C\C/C=C\C/C=C\CCCCC,TG :4
244,UCD.Lipid.244,TG (58:6),CCCCCCCC/C=C\CCCCCCCCCC(=O)O[C@H](COC(=O)CCCCCCC/C=C\CCCCCCCC)COC(=O)CCC/C=C\C/C=C\C/C=C\C/C=C\CCCCC,TG :6
245,UCD.Lipid.245,TG (58:8),CCCCCCCCCCCCCCCCCC(=O)OC[C@H](COC(=O)CCC/C=C\C/C=C\C/C=C\C/C=C\CCCCC)OC(=O)CCC/C=C\C/C=C\C/C=C\C/C=C\CCCCC,TG : 7-
246,UCD.Lipid.246,TG (58:9),CCCCCCCC/C=C\CCCCCCCC(=O)OC[C@H](COC(=O)CCC/C=C\C/C=C\C/C=C\C/C=C\CCCCC)OC(=O)CCC/C=C\C/C=C\C/C=C\C/C=C\CCCCC,TG : 7-
247,UCD.Lipid.247,TG (59:2),CCCCCCCCCCCCCCCCCCCC(=O)OC[C@H](COC(=O)CCCCCCCCC/C=C\CCCCCCCC)OC(=O)CCCCCCCCC/C=C\CCCCCCCC,TG :2
248,UCD.Lipid.248,TG (59:3),CCCCCCCCCCCCCCCCCCCCCC(=O)OC[C@@H](COC(=O)CCCC/C=C\C/C=C\C/C=C\CCCCC)OC(=O)CCCCCCCCCCCCCCCCCC,TG: 3
249,UCD.Lipid.249,TG (60:11),CCCCCCCCCCCCCCCC(=O)O[C@H](COC(=O)CCCCC/C=C\C/C=C\C/C=C\C/C=C\C/C=C\CC)COC(=O)CC/C=C\C/C=C\C/C=C\C/C=C\C/C=C\C/C=C\CC,TG : 7-
250,UCD.Lipid.250,TG (60:2),CCCCCCCCCCCCCCCCCCCC(=O)OC[C@H](COC(=O)CCCCCCCCC/C=C\CCCCCCCC)OC(=O)CCCCCCCCC/C=C\CCCCCCCC,TG :2
251,UCD.Lipid.251,TG (60:3),CCCCCCCCCCCCCCCCCCCCCC(=O)OC[C@@H](COC(=O)CCCCCCC/C=C\C/C=C\C/C=C\CC)OC(=O)CCCCCCCCCCCCCCCCCCC,TG: 3
252,UCD.Lipid.252,TG (60:4),CCCCCCCCCCCCCCCCCCCC(=O)O[C@@H](COC(=O)CCCCCCCCCCC/C=C\C/C=C\CCCCC)COC(=O)CCCCCCC/C=C\C/C=C\CCCCC,TG :4
253,UCD.Lipid.253,TG (60:6),CCCCCCCC/C=C\CCCCCCCCCC(=O)O[C@H](COC(=O)CCCCCCC/C=C\CCCCCCCC)COC(=O)CCC/C=C\C/C=C\C/C=C\C/C=C\CCCCC,TG :6
254,UCD.Lipid.254,TG (62:3),CCCCCCCCCCCCCCCCCCCCCC(=O)O[C@@H](COC(=O)CCCCCCCCC/C=C\CCCCCCCCCC)COC(=O)CCCCCCC/C=C\C/C=C\CCCCC,TG: 3
255,UCD.Lipid.255,TG (62:4),CCCCCCCCCCCCCCCCCCCC(=O)OC[C@H](COC(=O)CCCCCCCCCCC/C=C\CCCCCCCC)OC(=O)CCCCCC/C=C\C/C=C\C/C=C\CCCCC,TG :4
256,UCD.Lipid.256,TG (64:4),CCCCCCCCCCCCCCCCCCCC(=O)OC[C@H](COC(=O)CCCCCCCC/C=C\C/C=C\C/C=C\CCCCC)OC(=O)CCCCCCCCCCC/C=C\CCCCCCCC,TG :4
257,UCD.Lipid.257,Ceramide (d32:1),CCCCCCCCCCCCC/C=C/[C@H]([C@H](CO)NC(=O)CCCCCCCCCCCCC)O,CER :1
258,UCD.Lipid.258,Ceramide (d33:1),CCCCCCCCCCCCCCCCC(=O)N[C@@H](CO)[C@@H](/C=C/CCCCCCCCCCC)O,CER :1
259,UCD.Lipid.259,Ceramide (d34:0),CCCCCCCCCCCCCCC[C@H]([C@H](CO)NC(=O)CCCCCCCCCCCCCCC)O,CER :0
260,UCD.Lipid.260,Ceramide (d34:1),CCCCCCCCCCCCCCCC(=O)N[C@@H](CO)[C@@H](/C=C/CCCCCCCCCCCCC)O,CER :1
261,UCD.Lipid.261,Ceramide (d34:2),CCCCCCCCCCCCCCCC(=O)N[C@@H](CO)[C@@H](/C=C/CCCCCCCC/C=C\CCC)O,CER :2
262,UCD.Lipid.262,Ceramide (d36:1),CCCCCCCCCCCCCCC[C@H]([C@H](CO)NC(=O)CCCCCCC/C=C\CCCCCCCC)O,CER :1
263,UCD.Lipid.263,Ceramide (d38:1),CCCCCCCCCCCCCCCCCCCC(=O)N[C@@H](CO)[C@@H](/C=C/CCCCCCCCCCCCC)O,CER :1
264,UCD.Lipid.264,Ceramide (d39:1),CCCCCCCCCCCCCCCCCCCCCCC(=O)N[C@@H](CO)[C@@H](/C=C/CCCCCCCCCCC)O,CER :1
265,UCD.Lipid.265,Ceramide (d40:0),CCCCCCCCCCCCCCCCCCCCCC(=O)N[C@@H](CO)[C@@H](CCCCCCCCCCCCCCC)O,CER :0
266,UCD.Lipid.266,Ceramide (d40:1),CCCCCCCCCCCCCCCCCCCCCC(=O)N[C@@H](CO)[C@@H](/C=C/CCCCCCCCCCCCC)O,CER :1
267,UCD.Lipid.267,Ceramide (d40:2),CCCCCCCCCCCCCCCCCCCCCC(=O)N[C@@H](CO)[C@@H](/C=C/CCCCCCCC/C=C\CCC)O,CER :2
268,UCD.Lipid.268,Ceramide (d41:1),CCCCCCCCCCCCCCCCCCCCCCC(=O)N[C@@H](CO)[C@@H](/C=C/CCCCCCCCCCCCC)O,CER :1
269,UCD.Lipid.269,Ceramide (d42:0),CCCCCCCCCCCCCCCCCCCCCCCC(=O)N[C@@H](CO)[C@@H](CCCCCCCCCCCCCCC)O,CER :0
270,UCD.Lipid.270,Ceramide (d42:1),CCCCCCCCCCCCCCCCCCCCCCCC(=O)N[C@@H](CO)[C@@H](/C=C/CCCCCCCCCCCCC)O,CER :1
271,UCD.Lipid.271,Ceramide (d42:2) A,CCCCCCCCCCCCC/C=C/[C@H]([C@H](CO)NC(=O)CCCCCCCCCCCCC/C=C\CCCCCCCC)O,CER :2
272,UCD.Lipid.272,Ceramide (d43:1),CCCCCCCCCCCCCCCCCCCCCCCCC(=O)N[C@@H](CO)[C@@H](/C=C/CCCCCCCCCCCCC)O,CER :1
273,UCD.Lipid.273,Ceramide (d44:1),CCCCCCCCCCCCCCCCCCCCCCCCCC(=O)N[C@@H](CO)[C@@H](/C=C/CCCCCCCCCCCCC)O,CER :1
274,UCD.Lipid.274,CSH_negESI #014,#N/A,
275,UCD.Lipid.275,CSH_negESI #056,#N/A,
276,UCD.Lipid.276,CSH_negESI #109,#N/A,
277,UCD.Lipid.277,CSH_negESI #113,#N/A,
278,UCD.Lipid.278,CSH_negESI #130,#N/A,
279,UCD.Lipid.279,CSH_negESI #131,#N/A,
280,UCD.Lipid.280,CSH_negESI #223,#N/A,
281,UCD.Lipid.281,CSH_negESI #293,#N/A,
282,UCD.Lipid.282,CSH_negESI #377,#N/A,
283,UCD.Lipid.283,CSH_negESI #378,#N/A,
284,UCD.Lipid.284,CSH_negESI #387,#N/A,
285,UCD.Lipid.285,CSH_negESI #405,#N/A,
286,UCD.Lipid.286,CSH_negESI #413,#N/A,
287,UCD.Lipid.287,CSH_negESI #414,#N/A,
288,UCD.Lipid.288,CSH_negESI #420,#N/A,
289,UCD.Lipid.289,CSH_negESI #501,#N/A,
290,UCD.Lipid.290,CSH_negESI #502,#N/A,
291,UCD.Lipid.291,CSH_negESI #504,#N/A,
292,UCD.Lipid.292,CSH_negESI #510,#N/A,
293,UCD.Lipid.293,CSH_negESI #511,#N/A,
294,UCD.Lipid.294,CSH_negESI #520,#N/A,
295,UCD.Lipid.295,CSH_negESI #524,#N/A,
296,UCD.Lipid.296,CSH_negESI #527,#N/A,
297,UCD.Lipid.297,CSH_negESI #528,#N/A,
298,UCD.Lipid.298,CSH_negESI #530,#N/A,
299,UCD.Lipid.299,CSH_negESI #550,#N/A,
300,UCD.Lipid.300,CSH_negESI #564,#N/A,
301,UCD.Lipid.301,CSH_negESI #565,#N/A,
302,UCD.Lipid.302,CSH_negESI #569,#N/A,
303,UCD.Lipid.303,CSH_negESI #573,#N/A,
304,UCD.Lipid.304,CSH_negESI #579,#N/A,
305,UCD.Lipid.305,CSH_negESI #580,#N/A,
306,UCD.Lipid.306,CSH_negESI #581,#N/A,
307,UCD.Lipid.307,CSH_negESI #586,#N/A,
308,UCD.Lipid.308,CSH_negESI #587,#N/A,
309,UCD.Lipid.309,CSH_negESI #589,#N/A,
310,UCD.Lipid.310,CSH_negESI #590,#N/A,
311,UCD.Lipid.311,CSH_negESI #591,#N/A,
312,UCD.Lipid.312,CSH_negESI #592,#N/A,
313,UCD.Lipid.313,CSH_negESI #593,#N/A,
314,UCD.Lipid.314,CSH_negESI #598,#N/A,
315,UCD.Lipid.315,CSH_negESI #599,#N/A,
316,UCD.Lipid.316,CSH_negESI #600,#N/A,
317,UCD.Lipid.317,CSH_negESI #612,#N/A,
318,UCD.Lipid.318,CSH_negESI #615,#N/A,
319,UCD.Lipid.319,CSH_negESI #617,#N/A,
320,UCD.Lipid.320,CSH_negESI #624,#N/A,
321,UCD.Lipid.321,CSH_negESI #627,#N/A,
322,UCD.Lipid.322,CSH_negESI #628,#N/A,
323,UCD.Lipid.323,CSH_negESI #631,#N/A,
324,UCD.Lipid.324,CSH_negESI #633,#N/A,
325,UCD.Lipid.325,CSH_negESI #638,#N/A,
326,UCD.Lipid.326,CSH_negESI #639,#N/A,
327,UCD.Lipid.327,CSH_negESI #644,#N/A,
328,UCD.Lipid.328,CSH_negESI #648,#N/A,
329,UCD.Lipid.329,CSH_negESI #650,#N/A,
330,UCD.Lipid.330,CSH_negESI #653,#N/A,
331,UCD.Lipid.331,CSH_negESI #658,#N/A,
332,UCD.Lipid.332,CSH_negESI #668,#N/A,
333,UCD.Lipid.333,CSH_negESI #670,#N/A,
334,UCD.Lipid.334,CSH_negESI #678,#N/A,
335,UCD.Lipid.335,CSH_negESI #682,#N/A,
336,UCD.Lipid.336,CSH_negESI #683,#N/A,
337,UCD.Lipid.337,CSH_negESI #690,#N/A,
338,UCD.Lipid.338,CSH_negESI #691,#N/A,
339,UCD.Lipid.339,CSH_negESI #693,#N/A,
340,UCD.Lipid.340,CSH_negESI #695,#N/A,
341,UCD.Lipid.341,CSH_negESI #698,#N/A,
342,UCD.Lipid.342,CSH_negESI #701,#N/A,
343,UCD.Lipid.343,CSH_negESI #706,#N/A,
344,UCD.Lipid.344,CSH_negESI #709,#N/A,
345,UCD.Lipid.345,CSH_negESI #710,#N/A,
346,UCD.Lipid.346,CSH_negESI #713,#N/A,
347,UCD.Lipid.347,CSH_negESI #716,#N/A,
348,UCD.Lipid.348,CSH_negESI #722,#N/A,
349,UCD.Lipid.349,CSH_negESI #723,#N/A,
350,UCD.Lipid.350,CSH_negESI #724,#N/A,
351,UCD.Lipid.351,CSH_negESI #728,#N/A,
352,UCD.Lipid.352,CSH_negESI #733,#N/A,
353,UCD.Lipid.353,CSH_negESI #735,#N/A,
354,UCD.Lipid.354,CSH_negESI #743,#N/A,
355,UCD.Lipid.355,CSH_negESI #744,#N/A,
356,UCD.Lipid.356,CSH_negESI #749,#N/A,
357,UCD.Lipid.357,CSH_negESI #750,#N/A,
358,UCD.Lipid.358,CSH_negESI #762,#N/A,
359,UCD.Lipid.359,CSH_negESI #764,#N/A,
360,UCD.Lipid.360,CSH_negESI #767,#N/A,
361,UCD.Lipid.361,CSH_negESI #770,#N/A,
362,UCD.Lipid.362,CSH_negESI #773,#N/A,
363,UCD.Lipid.363,GlcCer (d38:1),CCCCCCCCCCCCCCCCCCCC(=O)N[C@@H](CO[C@H]1[C@@H]([C@H]([C@@H]([C@H](O1)CO)O)O)O)[C@@H](/C=C/CCCCCCCCCCCCC)O,GlcCer :1-
364,UCD.Lipid.364,GlcCer (d40:1),CCCCCCCCCCCCCCCCCCCCCC(=O)N[C@@H](CO[C@H]1C(C([C@@H]([C@H](O1)CO)O)O)O)[C@@H](/C=C/CCCCCCCCCCCCC)O,GlcCer :1-
365,UCD.Lipid.365,GlcCer (d41:1),CCCCCCCCCCCCCCCCCCCCCCC(=O)N[C@@H](CO[C@H]1C(C([C@@H]([C@H](O1)CO)O)O)O)[C@@H](/C=C/CCCCCCCCCCCCC)O,GlcCer :1-
366,UCD.Lipid.366,GlcCer (d42:1),CCCCCCCCCCCCCCCCCCCCCCCC(=O)N[C@@H](CO[C@H]1C(C([C@@H]([C@H](O1)CO)O)O)O)[C@@H](/C=C/CCCCCCCCCCCCC)O,GlcCer :1-
367,UCD.Lipid.367,GlcCer (d42:2),CCCCCCCCCCCCC/C=C/[C@H]([C@H](CO[C@H]1C(C([C@@H]([C@H](O1)CO)O)O)O)NC(=O)CCCCCCCCCCCCC/C=C\CCCCCCCC)O,GlcCer :1-
368,UCD.Lipid.368,GlcCer(d14:1(4E)/20:0(2OH)),CCCCCCCCCCCCCCCCCCC(C(=O)N[C@@H](CO[C@H]1C(C([C@@H]([C@H](O1)CO)O)O)O)[C@@H](/C=C/CCCCCCCCC)O)O,GlcCer :1-
369,UCD.Lipid.369,LPC (16:0),CCCCCCCCCCCCCCCC(=O)OC[C@H](COP(=O)([O-])OCC[N+](C)(C)C)O,LPC :0
370,UCD.Lipid.370,LPC (16:1),CCCCCC/C=C\CCCCCCCC(=O)OC[C@H](COP(=O)([O-])OCC[N+](C)(C)C)O,LPC :1
371,UCD.Lipid.371,LPC (18:0) A,CCCCCCCCCCCCCCCCCC(=O)OC[C@H](COP(=O)([O-])OCC[N+](C)(C)C)O,LPC :0
372,UCD.Lipid.372,LPC (18:1),CCCCCCCC/C=C\CCCCCCCC(=O)OC[C@H](COP(=O)([O-])OCC[N+](C)(C)C)O,LPC :1
373,UCD.Lipid.373,LPC (18:2),CCCCC/C=C\C/C=C\CCCCCCCC(=O)OC[C@H](COP(=O)([O-])OCC[N+](C)(C)C)O,LPC :2 -
374,UCD.Lipid.374,LPC (20:1),CCCCCCCCCC/C=C\CCCCCCCC(=O)OC[C@H](COP(=O)([O-])OCC[N+](C)(C)C)O,LPC :1
375,UCD.Lipid.375,LPC (20:2),CCCCC/C=C\C/C=C\CCCCCCCCCC(=O)OC[C@H](COP(=O)([O-])OCC[N+](C)(C)C)O,LPC :2 -
376,UCD.Lipid.376,LPC (20:3),CCCCC/C=C\C/C=C\C/C=C\CCCCCCC(=O)OC[C@H](COP(=O)([O-])OCC[N+](C)(C)C)O,LPC :2 -
377,UCD.Lipid.377,LPC (22:5),CCCCC/C=C\C/C=C\C/C=C\C/C=C\C/C=C\CCC(=O)OC[C@H](COP(=O)([O-])OCC[N+](C)(C)C)O,LPC :2 -
378,UCD.Lipid.378,LPE (16:0),CCCCCCCCCCCCCCCC(=O)O[C@H](CO)COP(=O)(O)OCCN,LPE
379,UCD.Lipid.379,LPE (18:2),CCCCC/C=C\C/C=C\CCCCCCCC(=O)OC[C@H](COP(=O)(O)OCCN)O,LPE
380,UCD.Lipid.380,LPE (20:4),CC/C=C\C/C=C\C/C=C\C/C=C\CCCCCCC(=O)OC[C@H](COP(=O)(O)OCCN)O,LPE
381,UCD.Lipid.381,LPE (22:6),CC/C=C\C/C=C\C/C=C\C/C=C\C/C=C\C/C=C\CCC(=O)OC[C@H](COP(=O)(O)OCCN)O,LPE
382,UCD.Lipid.382,PC (32:0),CCCCCCCCCCCCCCCC(=O)OC[C@H](COP(=O)([O-])OCC[N+](C)(C)C)OC(=O)CCCCCCCCCCCCCCC,PC :0
383,UCD.Lipid.383,PC (32:1),CCCCCCCCCCCCCCCC(=O)OC[C@H](COP(=O)([O-])OCC[N+](C)(C)C)OC(=O)CCCCCCC/C=C\CCCCCC,PC :1
384,UCD.Lipid.384,PC (32:2),CCCCCC/C=C\CCCCCCCC(=O)OC[C@H](COP(=O)([O-])OCC[N+](C)(C)C)OC(=O)CCCCCCC/C=C\CCCCCC,PC :2
385,UCD.Lipid.385,PC (33:1),CCCCCCCCCCCCCCCCC(=O)O[C@H](COC(=O)CCCCCCC/C=C\CCCCCC)COP(=O)([O-])OCC[N+](C)(C)C,PC :1
386,UCD.Lipid.386,PC (33:2),CCCCCCCCCCCCCCC(=O)O[C@H](COC(=O)CCCCCCC/C=C\C/C=C\CCCCC)COP(=O)([O-])OCC[N+](C)(C)C,PC :2
387,UCD.Lipid.387,PC (34:0),CCCCCCCCCCCCCCCCCC(=O)O[C@H](COC(=O)CCCCCCCCCCCCCCC)COP(=O)([O-])OCC[N+](C)(C)C,PC :0
388,UCD.Lipid.388,PC (34:1),CCCCCCCCCCCCCCCC(=O)OC[C@H](COP(=O)([O-])OCC[N+](C)(C)C)OC(=O)CCCCCCC/C=C\CCCCCCCC,PC :1
389,UCD.Lipid.389,PC (34:2),CCCCCCCCCCCCCCCC(=O)OC[C@H](COP(=O)([O-])OCC[N+](C)(C)C)OC(=O)CCCCCCC/C=C\C/C=C\CCCCC,PC :2
390,UCD.Lipid.390,PC (34:3),CCCCCCCCCCCCCC(=O)O[C@H](COC(=O)CCCCCC/C=C\C/C=C\C/C=C\CCCCC)COP(=O)([O-])OCC[N+](C)(C)C,PC :3-
391,UCD.Lipid.391,PC (34:4),CCCCCCCCCCCCCCCC(=O)O[C@H](COC(=O)CCCC/C=C\C/C=C\C/C=C\C/C=C\CC)COP(=O)([O-])OCC[N+](C)(C)C,PC :3-
392,UCD.Lipid.392,PC (35:1),CCCCCCCCCCCCCCCCC(=O)O[C@H](COC(=O)CCCCCCC/C=C\CCCCCCCC)COP(=O)([O-])OCC[N+](C)(C)C,PC :1
393,UCD.Lipid.393,PC (35:2),CCCCCCCCCCCCCCCCC(=O)O[C@H](COC(=O)CCCCCCC/C=C\C/C=C\CCCCC)COP(=O)([O-])OCC[N+](C)(C)C,PC :2
394,UCD.Lipid.394,PC (35:4),CCCCCCCCCCCCC(=O)OC[C@H](COP(=O)([O-])OCC[N+](C)(C)C)OC(=O)CCCCC/C=C\C/C=C\C/C=C\C/C=C\CCCCC,PC :3-
395,UCD.Lipid.395,PC (36:1),CCCCCCCCCCCCCCCCCC(=O)OC[C@H](COP(=O)([O-])OCC[N+](C)(C)C)OC(=O)CCCCCCC/C=C\CCCCCCCC,PC :1
396,UCD.Lipid.396,PC (36:2),CCCCCCCC/C=C\CCCCCCCC(=O)OC[C@H](COP(=O)([O-])OCC[N+](C)(C)C)OC(=O)CCCCCCC/C=C\CCCCCCCC,PC :2
397,UCD.Lipid.397,PC (36:3) A,CCCCCCCC/C=C\CCCCCCCC(=O)OC[C@H](COP(=O)([O-])OCC[N+](C)(C)C)OC(=O)CCCC/C=C\C/C=C\CCCCCCCC,PC :3-
398,UCD.Lipid.398,PC (36:4) B,CCCCCCCCCCCCCCCC(=O)OC[C@H](COP(=O)([O-])OCC[N+](C)(C)C)OC(=O)CCC/C=C\C/C=C\C/C=C\C/C=C\CCCCC,PC :3-
399,UCD.Lipid.399,PC (36:5) B,CCCCCC/C=C\CCCCCCCC(=O)OC[C@H](COP(=O)([O-])OCC[N+](C)(C)C)OC(=O)CCC/C=C\C/C=C\C/C=C\C/C=C\CCCCC,PC :3-
400,UCD.Lipid.400,PC (37:2),CCCCCCCCCCCCCCCCCCC(=O)O[C@H](COC(=O)CCCCCCC/C=C\C/C=C\CCCCC)COP(=O)([O-])OCC[N+](C)(C)C,PC :2
401,UCD.Lipid.401,PC (37:4),CCCCCCCCC/C=C\CCCCCCCC(=O)O[C@H](COC(=O)CCCCCCC/C=C\C/C=C\C/C=C\CC)COP(=O)([O-])OCC[N+](C)(C)C,PC :3-
402,UCD.Lipid.402,PC (38:2),CCCCCCCCCCCCCCCCCCCC(=O)OC[C@H](COP(=O)([O-])OCC[N+](C)(C)C)OC(=O)CCCCCCC/C=C\C/C=C\CCCCC,PC :2
403,UCD.Lipid.403,PC (38:3),CCCCCC/C=C\CCCCCCCCCC(=O)O[C@H](COC(=O)CCCCCCCCC/C=C\C/C=C\CCCCC)COP(=O)([O-])OCC[N+](C)(C)C,PC :3-
404,UCD.Lipid.404,PC (38:4) A,CCCCCCCCCCCCCCCCCC(=O)OC[C@H](COP(=O)([O-])OCC[N+](C)(C)C)OC(=O)CCC/C=C\C/C=C\C/C=C\C/C=C\CCCCC,PC :3-
405,UCD.Lipid.405,PC (38:5) A,CCCCC/C=C\C/C=C\CCCCCCCC(=O)O[C@H](COC(=O)CCCCCC/C=C\C/C=C\C/C=C\CCCCC)COP(=O)([O-])OCC[N+](C)(C)C,PC :3-
406,UCD.Lipid.406,PC (38:6),CCCCC/C=C\C/C=C\CCCCCCCC(=O)O[C@H](COC(=O)CCC/C=C\C/C=C\C/C=C\C/C=C\CCCCC)COP(=O)([O-])OCC[N+](C)(C)C,PC :3-
407,UCD.Lipid.407,PC (40:4),CCCCCCCC/C=C\CCCCCCCCCCCC(=O)OC[C@H](COP(=O)([O-])OCC[N+](C)(C)C)OC(=O)CCCCCCC/C=C\C/C=C\C/C=C\CC,PC :3-
408,UCD.Lipid.408,PC (40:5) A,CCCCCCCC/C=C\CCCCCCCCCC(=O)OC[C@H](COP(=O)([O-])OCC[N+](C)(C)C)OC(=O)CCC/C=C\C/C=C\C/C=C\C/C=C\CCCCC,PC :3-
409,UCD.Lipid.409,PC (40:6) B,CCCCCC/C=C\CCCCCCCCCC(=O)OC[C@H](COP(=O)([O-])OCC[N+](C)(C)C)OC(=O)CCCCC/C=C\C/C=C\C/C=C\C/C=C\C/C=C\CC,PC :3-
410,UCD.Lipid.410,PC (40:7),CCCCC/C=C\C/C=C\CCCCCCCC(=O)OC[C@H](COP(=O)([O-])OCC[N+](C)(C)C)OC(=O)CC/C=C\C/C=C\C/C=C\C/C=C\C/C=C\CCCCC,PC :3-
411,UCD.Lipid.411,PC (40:8),CCCCCCCC/C=C\C/C=C\C/C=C\CCCC(=O)O[C@H](COC(=O)CCC/C=C\C/C=C\C/C=C\C/C=C\C/C=C\CC)COP(=O)([O-])OCC[N+](C)(C)C,PC :3-
412,UCD.Lipid.412,PC (o-32:0),CCCCCCCCCCCCCCCCO[C@H](COC(=O)CCCCCCCCCCCCCCC)COP(=O)([O-])OCC[N+](C)(C)C,p-PC :0
413,UCD.Lipid.413,PC (p-32:0),CCCCCCCCCCCCCCCC(=O)OCC(COP(=O)([O-])OCC[N+](C)(C)C)O/C=C\CCCCCCCCCCCCCC,p-PC :0
414,UCD.Lipid.414,PC (p-34:0),CCCCCCCCCCCCCCCC(=O)O[C@H](COCCCCCCCCCC/C=C\CCCCCC)COP(=O)([O-])OCC[N+](C)(C)C,p-PC :0
415,UCD.Lipid.415,PC (p-34:1),CCCCCCCCCCCCCCCC(=O)OC(CO/C=C\CCCCCCCC/C=C\CCCCCC)COP(=O)([O-])OCC[N+](C)(C)C,p-PC :1
416,UCD.Lipid.416,PC (p-34:2),CCCCCCCCCCCCCCCCOC[C@H](COP(=O)([O-])OCC[N+](C)(C)C)OC(=O)CCCC/C=C\C/C=C\C/C=C\CCCCC,p-PC :2
417,UCD.Lipid.417,PC (p-36:1),CCCCCCCCCCCCCCCCOC[C@H](COP(=O)([O-])OCC[N+](C)(C)C)OC(=O)CCCCCCCCC/C=C\C/C=C\CCCCC,p-PC :1
418,UCD.Lipid.418,PC (p-36:2),CCCCCCCC/C=C\CCCCCCCC(=O)O[C@H](CO/C=C\CCCCCC/C=C\CCCCCCCC)COP(=O)([O-])OCC[N+](C)(C)C,p-PC :2
419,UCD.Lipid.419,PC (p-36:3),CCCCCCCCCCCCCCCC/C=C\OCC(COP(=O)([O-])OCC[N+](C)(C)C)OC(=O)CCCCCCC/C=C\C/C=C\C/C=C\CC,p-PC :3
420,UCD.Lipid.420,PC (p-36:4),CCCCCCCCCCCCCC/C=C\OC[C@H](COP(=O)([O-])OCC[N+](C)(C)C)OC(=O)CCC/C=C\C/C=C\C/C=C\C/C=C\CCCCC,p-PC :4-
421,UCD.Lipid.421,PC (p-38:3),CCCCCCCC/C=C\CCCCCC/C=C\OC[C@H](COP(=O)([O-])OCC[N+](C)(C)C)OC(=O)CCCCCCCCC/C=C\C/C=C\CCCCC,p-PC :3
422,UCD.Lipid.422,PC (p-38:4),CCCCCCCCCCCCCCCC/C=C\OCC(COP(=O)([O-])OCC[N+](C)(C)C)OC(=O)CCCCCC/C=C\C/C=C\C/C=C\C/C=C\CC,p-PC :4-
423,UCD.Lipid.423,PC (p-38:5),CCCCCCCCCCCCCC/C=C\OC[C@H](COP(=O)([O-])OCC[N+](C)(C)C)OC(=O)CC/C=C\C/C=C\C/C=C\C/C=C\C/C=C\CCCCC,p-PC :4-
424,UCD.Lipid.424,PC (p-40:3) or PC (o-40:4),CCCCCCCCCCCCCCCCCCCCOC[C@H](COP(=O)([O-])OCC[N+](C)(C)C)OC(=O)CCC/C=C\C/C=C\C/C=C\C/C=C\CCCCC,p-PC :3
425,UCD.Lipid.425,PC (p-40:4),CCCCCCCCCCCCCCCCCC/C=C\OC[C@H](COP(=O)([O-])OCC[N+](C)(C)C)OC(=O)CCC/C=C\C/C=C\C/C=C\C/C=C\CCCCC,p-PC :4-
426,UCD.Lipid.426,PC (p-42:4) or PC (o-42:5),CCCCCCCCCCCCCCCCCC/C=C\OC[C@H](COP(=O)([O-])OCC[N+](C)(C)C)OC(=O)CCCCC/C=C\C/C=C\C/C=C\C/C=C\CCCCC,p-PC :4-
427,UCD.Lipid.427,PC (p-42:5) or PC (o-42:6),CCCCC/C=C\C/C=C\C/C=C\CCCCCCCCCOC[C@H](COP(=O)([O-])OCC[N+](C)(C)C)OC(=O)CCCCCCCC/C=C\C/C=C\C/C=C\CCCCC,p-PC :4-
428,UCD.Lipid.428,PC (p-44:4) or PC (o-44:5),CCCCC/C=C\C/C=C\CCCCCCCCCCCCOC[C@H](COP(=O)([O-])OCC[N+](C)(C)C)OC(=O)CCCCCCCC/C=C\C/C=C\C/C=C\CCCCC,p-PC :4-
429,UCD.Lipid.429,PE (34:1),CCCCCCCCCCCCCCCC(=O)OC[C@H](COP(=O)(O)OCCN)OC(=O)CCCCCCC/C=C\CCCCCCCC,PE :1-2
430,UCD.Lipid.430,PE (34:2),CCCCCCCCCCCCCCCC(=O)OC[C@H](COP(=O)(O)OCCN)OC(=O)CCCCCCC/C=C\C/C=C\CCCCC,PE :1-2
431,UCD.Lipid.431,PE (36:1),CCCCCCCCCCCCCCCCCC(=O)OCC(COP(=O)(O)OCCN)OC(=O)CCCCCCC/C=C\CCCCCCCC,PE :1-2
432,UCD.Lipid.432,PE (36:2),CCCCCCCC/C=C\CCCCCCCC(=O)OCC(COP(=O)(O)OCCN)OC(=O)CCCCCCC/C=C\CCCCCCCC,PE :1-2
433,UCD.Lipid.433,PE (36:3),CCCCCCCC/C=C\CCCCCCCC(=O)O[C@H](COC(=O)CCCCCCC/C=C\C/C=C\CCCCC)COP(=O)(O)OCCN,PE :3-
434,UCD.Lipid.434,PE (38:2),CCCCCCCCCCCCCCCCCCCC(=O)OC[C@H](COP(=O)(O)OCCN)OC(=O)CCCCCCC/C=C\C/C=C\CCCCC,PE :1-2
435,UCD.Lipid.435,PE (38:4) B,CCCCCCCCCCCCCCCCCC(=O)OC[C@H](COP(=O)(O)OCCN)OC(=O)CCC/C=C\C/C=C\C/C=C\C/C=C\CCCCC,PE :3-
436,UCD.Lipid.436,PE (38:6),CCCCC/C=C\C/C=C\CCCCCCCC(=O)OC[C@H](COP(=O)(O)OCCN)OC(=O)CCC/C=C\C/C=C\C/C=C\C/C=C\CCCCC,PE :3-
437,UCD.Lipid.437,PE (40:6),CCCCC/C=C\C/C=C\CCCCCCCC(=O)OC[C@H](COP(=O)(O)OCCN)OC(=O)CCCCC/C=C\C/C=C\C/C=C\C/C=C\CCCCC,PE :3-
438,UCD.Lipid.438,PE (p-34:2),CCCCCCCC/C=C\CCCCCC/C=C\OC[C@H](COP(=O)(O)OCCN)OC(=O)CCCCCCC/C=C\CCCCCC,p-PE :1-2
439,UCD.Lipid.439,PE (p-36:1),CCCCCCCCCCCCCCCCCC(=O)O[C@H](CO/C=C\CCCCCC/C=C\CCCCCCCC)COP(=O)(O)OCCN,p-PE :1-2
440,UCD.Lipid.440,PE (p-36:2),CCCCCCCCCCCCCCCC/C=C\OC[C@H](COP(=O)(O)OCCN)OC(=O)CCCCCCC/C=C\C/C=C\CCCCC,p-PE :1-2
441,UCD.Lipid.441,PE (p-36:4),CCCCCCCCCCCCCC/C=C\OC[C@H](COP(=O)(O)OCCN)OC(=O)CCC/C=C\C/C=C\C/C=C\C/C=C\CCCCC,p-PE :3-
442,UCD.Lipid.442,PE (p-36:5),CCCCCCCCCCCCCC/C=C\OC[C@H](COP(=O)(O)OCCN)OC(=O)CCC/C=C\C/C=C\C/C=C\C/C=C\C/C=C\CC,p-PE :3-
443,UCD.Lipid.443,PE (p-38:2) or PE (o-38:3),CCCCCCCCCCCCCCCCCCOC[C@H](COP(=O)(O)OCCN)OC(=O)CCCCCC/C=C\C/C=C\C/C=C\CCCCC,p-PE :1-2
444,UCD.Lipid.444,PE (p-38:3) or PE (o-38:4),CCCCCCCCCCCCCCCCOC[C@H](COP(=O)(O)OCCN)OC(=O)CCCCC/C=C\C/C=C\C/C=C\C/C=C\CCCCC,p-PE :3-
445,UCD.Lipid.445,PE (p-38:4),CCCCCCCCCCCCCCCC/C=C\OC[C@H](COP(=O)(O)OCCN)OC(=O)CCC/C=C\C/C=C\C/C=C\C/C=C\CCCCC,p-PE :3-
446,UCD.Lipid.446,PE (p-38:5),CCCCCCCCCCCCCCCC/C=C\OC[C@H](COP(=O)(O)OCCN)OC(=O)CCC/C=C\C/C=C\C/C=C\C/C=C\C/C=C\CC,p-PE :3-
447,UCD.Lipid.447,PE (p-38:6),CCCCCCCCCCCCCC/C=C\OC[C@H](COP(=O)(O)OCCN)OC(=O)CC/C=C\C/C=C\C/C=C\C/C=C\C/C=C\C/C=C\CC,p-PE :3-
448,UCD.Lipid.448,PE (p-40:4),CCCCCCCCCCCCCCCCCC/C=C\OC[C@H](COP(=O)(O)OCCN)OC(=O)CCC/C=C\C/C=C\C/C=C\C/C=C\CCCCC,p-PE :3-
449,UCD.Lipid.449,PE (p-40:5),CCCCCC/C=C\CCCCCCCC/C=C\OC[C@H](COP(=O)(O)OCCN)OC(=O)CCCCC/C=C\C/C=C\C/C=C\C/C=C\CCCCC,p-PE :3-
450,UCD.Lipid.450,PE (p-40:6),CCCCCCCCCCCCCCCC/C=C\OC[C@H](COP(=O)(O)OCCN)OC(=O)CC/C=C\C/C=C\C/C=C\C/C=C\C/C=C\C/C=C\CC,p-PE :3-
451,UCD.Lipid.451,PE (p-40:7),CCCCCCCC/C=C\CCCCCC/C=C\OC[C@H](COP(=O)(O)OCCN)OC(=O)CC/C=C\C/C=C\C/C=C\C/C=C\C/C=C\C/C=C\CC,p-PE :3-
452,UCD.Lipid.452,PI (32:1),CCCCCCCCCCCCCCCC(=O)O[C@H](COC(=O)CCCCCCC/C=C\CCCCCC)COP(=O)(O)OC1C([C@@H](C(C(C1O)O)O)O)O,PI :1-2
453,UCD.Lipid.453,PI (34:1),CCCCCCCCCCCCCCCC(=O)OCC(COP(=O)(O)OC1C(C(C(C(C1O)O)O)O)O)OC(=O)CCCCCCCC=CCCCCCCCC,PI :1-2
454,UCD.Lipid.454,PI (34:2),CCCCCCCCCCCCCCCC(=O)O[C@H](COC(=O)CCCCCCC/C=C\C/C=C\CCCCC)COP(=O)(O)OC1C([C@@H](C(C(C1O)O)O)O)O,PI :1-2
455,UCD.Lipid.455,PI (36:1),CCCCCCCCCCCCCCCCCC(=O)OC[C@H](COP(=O)(O)OC1C([C@@H](C(C(C1O)O)O)O)O)OC(=O)CCCCCCC/C=C\CCCCCCCC,PI :1-2
456,UCD.Lipid.456,PI (36:2),CCCCCCCCCCCCCCCCCC(=O)OC[C@H](COP(=O)(O)OC1[C@@H]([C@H](C([C@H]([C@H]1O)O)O)O)O)OC(=O)CCCCCCC/C=C\C/C=C\CCCCC,PI :1-2
457,UCD.Lipid.457,PI (36:3),CCCCCCCCCCCCCCCC(=O)O[C@H](COC(=O)CCCCCC/C=C\C/C=C\C/C=C\CCCCC)COP(=O)(O)OC1C([C@@H](C(C(C1O)O)O)O)O,PI :3-
458,UCD.Lipid.458,PI (36:4),CCCCCC/C=C\CCCCCCCC(=O)OC[C@H](COP(=O)([O-])OC1[C@@H]([C@H](C([C@H]([C@H]1O)O)O)O)O)OC(=O)CCCCCCC/C=C\C/C=C\C/C=C\CC,PI :3-
459,UCD.Lipid.459,PI (38:3),CCCCCCCC/C=C\CCCCCCCCCC(=O)O[C@H](COC(=O)CCCCCCC/C=C\C/C=C\CCCCC)COP(=O)(O)OC1C([C@@H](C(C(C1O)O)O)O)O,PI :3-
460,UCD.Lipid.460,PI (38:4),CCCCCCCCCCCCCCCCCC(=O)OC[C@H](COP(=O)(O)OC1C([C@@H](C(C(C1O)O)O)O)O)OC(=O)CCC/C=C\C/C=C\C/C=C\C/C=C\CCCCC,PI :3-
461,UCD.Lipid.461,PI (38:5),CCCCCCCC/C=C\CCCCCCCC(=O)O[C@H](COC(=O)CCC/C=C\C/C=C\C/C=C\C/C=C\CCCCC)COP(=O)(O)OC1C([C@@H](C(C(C1O)O)O)O)O,PI :3-
462,UCD.Lipid.462,PI (40:6),CCCCCCCCCCCCCCCCCC(=O)O[C@H](COC(=O)CC/C=C\C/C=C\C/C=C\C/C=C\C/C=C\C/C=C\CC)COP(=O)(O)OC1C([C@@H](C(C(C1O)O)O)O)O,PI :3-
463,UCD.Lipid.463,SM (d32:0),CCCCCCCCCCCCCCC[C@H]([C@H](COP(=O)([O-])OCC[N+](C)(C)C)NC(=O)CCCCCCCCCCCCC)O,SM :0
464,UCD.Lipid.464,SM (d32:1),CCCCCCCCCCCCC/C=C/[C@H]([C@H](COP(=O)([O-])OCC[N+](C)(C)C)NC(=O)CCCCCCCCCCCCC)O,SM :1-2
465,UCD.Lipid.465,SM (d32:2),CCCCCCCCCCCCCC(=O)N[C@@H](COP(=O)([O-])OCC[N+](C)(C)C)[C@@H](/C=C/CCCCCCCC/C=C\CCC)O,SM :1-2
466,UCD.Lipid.466,SM (d33:1),CCCCCCCCCCCCCCC(=O)N[C@@H](COP(=O)([O-])OCC[N+](C)(C)C)[C@@H](/C=C/CCCCCCCCCCCCC)O,SM :1-2
467,UCD.Lipid.467,SM (d34:1),CCCCCCCCCCCCCCCC(=O)N[C@@H](COP(=O)([O-])OCC[N+](C)(C)C)[C@@H](/C=C/CCCCCCCCCCCCC)O,SM :1-2
468,UCD.Lipid.468,SM (d34:2),CCCCCCCCCCCCCCCC(=O)N[C@@H](COP(=O)([O-])OCC[N+](C)(C)C)[C@@H](/C=C/CCCCCCCC/C=C\CCC)O,SM :1-2
469,UCD.Lipid.469,SM (d36:0),CCCCCCCCCCCCCCCCCC(=O)N[C@@H](COP(=O)([O-])OCC[N+](C)(C)C)[C@@H](CCCCCCCCCCCCCCC)O,SM :0
470,UCD.Lipid.470,SM (d36:1),CCCCCCCCCCCCCCCCCC(=O)N[C@@H](COP(=O)([O-])OCC[N+](C)(C)C)[C@@H](/C=C/CCCCCCCCCCCCC)O,SM :1-2
471,UCD.Lipid.471,SM (d36:2),CCCCCCCCCCCCC/C=C/[C@H]([C@H](COP(=O)([O-])OCC[N+](C)(C)C)NC(=O)CCCCCCC/C=C\CCCCCCCC)O,SM :1-2
472,UCD.Lipid.472,SM (d36:3),CCCCCCCC/C=C\CCCCCCCC(=O)N[C@@H](COP(=O)([O-])OCC[N+](C)(C)C)[C@@H](/C=C/CCCCCCCC/C=C\CCC)O,SM :3-
473,UCD.Lipid.473,SM (d37:1),CCCCCCCCCCCCCCCCCCC(=O)N[C@@H](COP(=O)([O-])OCC[N+](C)(C)C)[C@@H](/C=C/CCCCCCCCCCCCC)O,SM :1-2
474,UCD.Lipid.474,SM (d38:0),CCCCCCCCCCCCCCCCCCCC(=O)N[C@@H](COP(=O)([O-])OCC[N+](C)(C)C)[C@@H](CCCCCCCCCCCCCCC)O,SM :0
475,UCD.Lipid.475,SM (d38:1),CCCCCCCCCCCCCCCCCCCC(=O)N[C@@H](COP(=O)([O-])OCC[N+](C)(C)C)[C@@H](/C=C/CCCCCCCCCCCCC)O,SM :1-2
476,UCD.Lipid.476,SM (d38:2),CCCCCCCCCCCCC/C=C/[C@H]([C@H](COP(=O)([O-])OCC[N+](C)(C)C)NC(=O)CCCCCCCCC/C=C\CCCCCCCC)O,SM :1-2
477,UCD.Lipid.477,SM (d39:1),CCCCCCCCCCCCCCCCCCCCC(=O)N[C@@H](COP(=O)([O-])OCC[N+](C)(C)C)[C@@H](/C=C/CCCCCCCCCCCCC)O,SM :1-2
478,UCD.Lipid.478,SM (d39:2),CCCCCCCCCCCCCCCCCCCCC(=O)N[C@@H](COP(=O)([O-])OCC[N+](C)(C)C)[C@@H](/C=C/CCCCCCCC/C=C\CCC)O,SM :1-2
479,UCD.Lipid.479,SM (d40:0),CCCCCCCCCCCCCCCCCCCCCC(=O)N[C@@H](COP(=O)([O-])OCC[N+](C)(C)C)[C@@H](CCCCCCCCCCCCCCC)O,SM :0
480,UCD.Lipid.480,SM (d40:1),CCCCCCCCCCCCCCCCCCCCCC(=O)N[C@@H](COP(=O)([O-])OCC[N+](C)(C)C)[C@@H](/C=C/CCCCCCCCCCCCC)O,SM :1-2
481,UCD.Lipid.481,SM (d40:2) A,CCCCCCCCCCC/C=C/[C@H]([C@H](COP(=O)([O-])OCC[N+](C)(C)C)NC(=O)CCCCCCCCCCCCC/C=C\CCCCCCCC)O,SM :1-2
482,UCD.Lipid.482,SM (d40:2) B,CCCCCCCCCCCCC/C=C/[C@H]([C@H](COP(=O)([O-])OCC[N+](C)(C)C)NC(=O)CCCCCCCCCCC/C=C\CCCCCCCC)O,SM :1-2
483,UCD.Lipid.483,SM (d40:3),CCCCCCCC/C=C\CCCCCCCCCCCC(=O)N[C@@H](COP(=O)([O-])OCC[N+](C)(C)C)[C@@H](/C=C/CCCCCCCC/C=C\CCC)O,SM :3-
484,UCD.Lipid.484,SM (d41:1),CCCCCCCCCCCCCCCCCCCCCCC(=O)N[C@@H](COP(=O)([O-])OCC[N+](C)(C)C)[C@@H](/C=C/CCCCCCCCCCCCC)O,SM :1-2
485,UCD.Lipid.485,SM (d41:2),CCCCCCCCCCCCCCCCCCCCCCC(=O)N[C@@H](COP(=O)([O-])OCC[N+](C)(C)C)[C@@H](/C=C/CCCCCCCC/C=C\CCC)O,SM :1-2
486,UCD.Lipid.486,SM (d42:0),CCCCCCCCCCCCCCCCCCCCCCCC(=O)N[C@@H](COP(=O)([O-])OCC[N+](C)(C)C)[C@@H](CCCCCCCCCCCCCCC)O,SM :0
487,UCD.Lipid.487,SM (d42:1),CCCCCCCCCCCCCCCCCCCCCCCC(=O)N[C@@H](COP(=O)([O-])OCC[N+](C)(C)C)[C@@H](/C=C/CCCCCCCCCCCCC)O,SM :1-2
488,UCD.Lipid.488,SM (d42:2) A,CCCCCCCCCCCCCCCCCCCCCCCC(=O)N[C@@H](COP(=O)([O-])OCC[N+](C)(C)C)[C@@H](/C=C/CCCCCCCC/C=C\CCC)O,SM :1-2
489,UCD.Lipid.489,SM (d42:3),CCCCCCCC/C=C\CCCCCCCCCCCCCC(=O)N[C@@H](COP(=O)([O-])OCC[N+](C)(C)C)[C@@H](/C=C/CCCCCCCC/C=C\CCC)O,SM :3-
490,UCD.Lipid.490,SM (d43:1),CCCCCCCCCCCCCCCC[C@H]([C@H](COP(=O)([O-])OCC[N+](C)(C)C)NC(=O)CCCCCCCCCCCCC/C=C\CCCCCCCC)O,SM :1-2
491,UCD.Lipid.491,SM (d43:2),CCCCCCCCCCCCCCCCCCCCCCCCC(=O)N[C@@H](COP(=O)([O-])OCC[N+](C)(C)C)[C@@H](/C=C/CCCCCCCC/C=C\CCC)O,SM :1-2
492,UCD.Lipid.492,SM (d44:2),CCCCCCCCCCCCC/C=C/[C@H]([C@H](COP(=O)([O-])OCC[N+](C)(C)C)NC(=O)CCCCCCCCCCCCCCC/C=C\CCCCCCCC)O,SM :1-2
493,UCD.Lipid.493,FA (11:0),CCCCCCCCCCC(=O)O,FA :0
494,UCD.Lipid.494,FA (12:0),CCCCCCCCCCCC(=O)O,FA :0
495,UCD.Lipid.495,FA (13:0),CCCCCCCCCCCCC(=O)O,FA :0
496,UCD.Lipid.496,FA (14:0),CCCCCCCCCCCCCC(=O)O,FA :0
497,UCD.Lipid.497,FA (14:1),CCCCCCCC/C=C\CCCC(=O)O,FA :1
498,UCD.Lipid.498,FA (15:0),CCCCCCCCCCCCCCC(=O)O,FA :0
499,UCD.Lipid.499,FA (15:1),CCCCC/C=C/CCCCCCCC(=O)O,FA :1
500,UCD.Lipid.500,FA (16:0),CCCCCCCCCCCCCCCC(=O)O,FA :0
501,UCD.Lipid.501,FA (16:1),CCCCCC/C=C\CCCCCCCC(=O)O,FA :1
502,UCD.Lipid.502,FA (17:0),CCCCCCCCCCCCCCCCC(=O)O,FA :0
503,UCD.Lipid.503,FA (17:1),CCCCCCC/C=C/CCCCCCCC(=O)O,FA :1
504,UCD.Lipid.504,FA (18:0),CCCCCCCCCCCCCCCCCC(=O)O,FA :0
505,UCD.Lipid.505,FA (18:1),CCCCCCCC/C=C\CCCCCCCC(=O)O,FA :1
506,UCD.Lipid.506,FA (18:2),CCCCCC/C=C/C=C/CCCCCCCC(=O)O,FA :2
507,UCD.Lipid.507,FA (18:3),CC/C=C\C/C=C\C/C=C\CCCCCCCC(=O)O,FA :3-
508,UCD.Lipid.508,FA (20:0),CCCCCCCCCCCCCCCCCCCC(=O)O,FA :0
509,UCD.Lipid.509,FA (20:1),CCCCCCCC/C=C\CCCCCCCCCC(=O)O,FA :1
510,UCD.Lipid.510,FA (20:2),CCCCC/C=C\C/C=C\CCCCCCCCCC(=O)O,FA :2
511,UCD.Lipid.511,FA (20:3),CC/C=C\C/C=C\C/C=C\CCCCCCCCCC(=O)O,FA :3-
512,UCD.Lipid.512,FA (20:4),CCCCC/C=C\C/C=C\C/C=C\C/C=C\CCCC(=O)O,FA :3-
513,UCD.Lipid.513,FA (20:5),CC/C=C\C/C=C\C/C=C\C/C=C\C/C=C\CCCC(=O)O,FA :3-
514,UCD.Lipid.514,FA (22:0),CCCCCCCCCCCCCCCCCCCCCC(=O)O,FA :0
515,UCD.Lipid.515,FA (22:1),CCCCCCCC/C=C\CCCCCCCCCCCC(=O)O,FA :1
516,UCD.Lipid.516,FA (22:2),CCCCC/C=C/C/C=C/CCCCCCCCCCCC(=O)O,FA :2
517,UCD.Lipid.517,FA (22:6),CC/C=C\C/C=C\C/C=C\C/C=C\C/C=C\C/C=C\CCC(=O)O,FA :3-
518,UCD.Lipid.518,FA (24:0),CCCCCCCCCCCCCCCCCCCCCCCC(=O)O,FA :0
519,UCD.Lipid.519,FA (24:1),CCCCCCCC/C=C\CCCCCCCCCCCCCC(=O)O,FA :1
520,UCD.Lipid.520,FA (26:0),CCCCCCCCCCCCCCCCCCCCCCCCCC(=O)O,FA :0
521,UCD.Lipid.521,FA (28:0),CCCCCCCCCCCCCCCCCCCCCCCCCCCC(=O)O,FA :0
